Workbook
Name zoned: '2013 Table 11 CWTs exp'!#REF!
Name zoned: '2014 Table 11 CWTs exp'!#REF!
Name zoned: '2015 Table 11 CWTs exp'!#REF!
Name zoned: '2016 Table 11 CWTs exp'!#REF!
Name zoned: '2017 Table 10 CWTs exp'!#REF!
Name zoned: '2018 Table 10 CWTs exp'!#REF!
Name zoned: '2019 Table 10 CWTs exp'!#REF!
Name zoned: '2020 Table 10 CWTs exp '!#REF!
Name zoned: '2021 Table 10 CWTs exp'!#REF!

Sheet Table 6.Inland 2010 Tag Summary
A1: Table 6. Raw and expanded Central Valley coded-wire-tag (CWT) recoveries by stock and age, brood years 2005-2009
B4: Fall | C4: 2009 | D4: 2008 | E4: 2007 | F4: 2006 | G4: 2005 | H4: 2004 | J4: Total CV CWTs | K4: Total CV %
B5: Age | C5: 1 | D5: 2 | E5: 3 | F5: 4 | G5: 5 | H5: 6
A7: Raw CWT Recoveries | C7: 36 | D7: 7087 | E7: 8022 | F7: 272 | G7: 2 | J7: =SUM(C7:G7) -> 15419 | K7: 62%
C8: (< 1%) | D8: (46%) | E8: (52%) | F8: (2%) | G8: (< 1%)
A10: Expanded CWTtotal | C10: 137.09 | D10: 29450.82 | E10: 63868.43 | F10: 2197 | G10: 2.05 | J10: =SUM(C10:G10) -> 95655.39 | K10: 84%
C11: (< 1%) | D11: (31%) | E11: (67%) | F11: (2%) | G11: (< 1%)
B13: Spring | C13: 2009 | D13: 2008 | E13: 2007 | F13: 2006 | G13: 2005 | H13: 2004 | J13: Total CV CWTs | K13: Total CV %
B14: Age | C14: 1 | D14: 2 | E14: 3 | F14: 4 | G14: 5 | H14: 6
A16: Raw CWT Recoveries | D16: 306 | E16: 3340 | F16: 91 | G16: 1 | J16: =SUM(C16:G16) -> 3738 | K16: 15%
D17: (8%) | E17: (89%) | F17: (2%) | G17: (< 1%)
A19: Expanded CWTtotal | D19: 607.58 | E19: 10582.36 | F19: 307.67 | G19: 1.03 | J19: =SUM(C19:G19) -> 11498.64 | K19: 10%
D20: (5%) | E20: (92%) | F20: (3%) | G20: (< 1%)
B22: Late Fall | C22: 2010 | D22: 2009 | E22: 2008 | F22: 2007 | G22: 2006 | H22: 2005 | J22: Total CV CWTs | K22: Total CV %
B23: Age | C23: 1 | D23: 2 | E23: 3 | F23: 4 | G23: 5 | H23: 6
A25: Raw CWT Recoveries | D25: 153 | E25: 781 | F25: 3824 | G25: 918 | H25: 5 | J25: =SUM(D25:H25) -> 5681 | K25: 23%
D26: (3%) | E26: (14%) | F26: (67%) | G26: (16%) | H26: (< 1%)
A28: Expanded CWTtotal | D28: 333.97 | E28: 1358.34 | F28: 4092.5 | G28: 1122.24 | H28: 5.12 | J28: =SUM(D28:H28) -> 6912.17 | K28: 6%
D29: (5%) | E29: (20%) | F29: (59%) | G29: (16%) | H29: (< 1%)
B31: All Runs | J31: Total CV CWTs | K31: Total CV %
B32: Age | C32: 1 | D32: 2 | E32: 3 | F32: 4 | G32: 5 | H32: 6
A34: Raw CWT Recoveries | C34: =C7+C16 -> 36 | D34: =D7+D16+D25 -> 7546 | E34: =E7+E16+E25 -> 12143 | F34: =F7+F16+F25 -> 4187 | G34: =G7+G16+G25 -> 921 | H34: =H25 -> 5 | J34: =SUM(C34:H34) -> 24838 | K34: 100%
C35: (< 1%) | D35: (30%) | E35: (49%) | F35: (17%) | G35: (4%) | H35: (< 1%)
A37: Expanded CWTtotal | C37: =C10+C19 -> 137.09 | D37: =D10+D19+D28 -> 30392.37 | E37: =E10+E19+E28 -> 75809.13 | F37: =F10+F19+F28 -> 6597.17 | G37: =G10+G19+G28 -> 1125.32 | H37: =H28 -> 5.12 | J37: =SUM(C37:H37) -> 114066.2 | K37: 100%
C38: (< 1%) | D38: (27%) | E38: (66%) | F38: (6%) | G38: (1%) | H38: (< 1%)
D39: `

Sheet cv catch sample 2010
A1: Appendix 1. 2010 Central Valley Chinook hatchery and natural escapement sampling and CWT recovery summary | O1: 82311
A2: CV hatchery - fall
A3: year | B3: fishery | C3: Sample site | D3: sample method | E3: sampled run | F3: total estimate | G3: sampled | H3: sample rate | I3: ad-clips obsvd | J3: ad-clip rate | K3: valid CWTs | L3: hatchery component | M3: natural component | N3: hatchery | O3: natural
A4: 2010 | B4: 50 | C4: Coleman Hatchery fall | D4: actual count | E4: fall | F4: ='[2]raw data'!E11 -> 17238 | G4: ='[2]raw data'!F11 -> 17238 | H4: =G4/F4 -> 1 | I4: ='[2]raw data'!H11 -> 4140 | J4: =I4/G4 -> 0.24016707 | K4: ='[2]raw data'!I11 -> 4040 | L4: =F4-M4 -> 15320.66 | M4: ='[2]raw data'!K11 -> 1917.34 | N4: =L4/F4 -> 0.88877248 | O4: =M4/F4 -> 0.11122752
A5: 2010 | B5: 50 | C5: Feather R Hatchery fall | D5: actual count | E5: fall | F5: ='[2]raw data'!E12 -> 19972 | G5: ='[2]raw data'!F12 -> 19972 | H5: =G5/F5 -> 1 | I5: ='[2]raw data'!H12 -> 6373 | J5: =I5/G5 -> 0.31909674 | K5: ='[2]raw data'!I12 -> 6049 | L5: =F5-M5 -> 18902.19 | M5: ='[2]raw data'!K12 -> 1069.81 | N5: =L5/F5 -> 0.94643451 | O5: =M5/F5 -> 0.053565492
A6: 2010 | B6: 50 | C6: Nimbus Hatchery fall | D6: actual count | E6: fall | F6: ='[2]raw data'!E10 -> 9095 | G6: ='[2]raw data'!F10 -> 9095 | H6: =G6/F6 -> 1 | I6: ='[2]raw data'!H10 -> 2060 | J6: =I6/G6 -> 0.22649808 | K6: ='[2]raw data'!I10 -> 2025 | L6: =F6-M6 -> 7179.34 | M6: ='[2]raw data'!K10 -> 1915.66 | N6: =L6/F6 -> 0.78937218 | O6: =M6/F6 -> 0.21062782
A7: 2010 | B7: 50 | C7: Mokelumne Hatchery fall | D7: actual count | E7: fall | F7: ='[2]raw data'!E14 -> 5276 | G7: ='[2]raw data'!F14 -> 5276 | H7: =G7/F7 -> 1 | I7: ='[2]raw data'!H14 -> 2747 | J7: =I7/G7 -> 0.52065959 | K7: ='[2]raw data'!I14 -> 2707 | L7: =F7-M7 -> 4735.92 | M7: ='[2]raw data'!K14 -> 540.08 | N7: =L7/F7 -> 0.89763457 | O7: =M7/F7 -> 0.10236543
A8: 2010 | B8: 50 | C8: Merced Hatchery fall | D8: actual count | E8: fall | F8: ='[2]raw data'!E13 -> 146 | G8: ='[2]raw data'!F13 -> 146 | H8: =G8/F8 -> 1 | I8: ='[2]raw data'!H13 -> 83 | J8: =I8/G8 -> 0.56849315 | K8: ='[2]raw data'!I13 -> 81 | L8: =F8-M8 -> 114.9 | M8: ='[2]raw data'!K13 -> 31.1 | N8: =L8/F8 -> 0.7869863 | O8: =M8/F8 -> 0.2130137
E9: CV hatchery fall total | F9: =SUM(F4:F8) -> 51727 | G9: =SUM(G4:G8) -> 51727 | H9: =G9/F9 -> 1 | I9: =SUM(I4:I8) -> 15403 | J9: =I9/G9 -> 0.29777486 | K9: =SUM(K4:K8) -> 14902 | L9: =SUM(L4:L8) -> 46253.01 | M9: =SUM(M4:M8) -> 5473.99 | N9: =L9/F9 -> 0.89417538 | O9: =M9/F9 -> 0.10582462
A10: SR natural - fall
A11: year | B11: fishery | C11: Sample site | D11: sample method | E11: sampled run | F11: total estimate | G11: sampled | H11: sample rate | I11: ad-clips obsvd | J11: ad-clip rate | K11: valid CWTs | L11: hatchery component | M11: natural component | N11: hatchery | O11: natural
A12: 2010 | B12: 54 | C12: Upper Sac | D12: mark-recapture | E12: fall | F12: ='[2]raw data'!E22 -> 16372 | G12: ='[2]raw data'!F22 -> 1415 | H12: =G12/F12 -> 0.086428048 | I12: ='[2]raw data'!H22 -> 130 | J12: =I12/G12 -> 0.091872792 | K12: ='[2]raw data'!I22 -> 117 | L12: =F12-M12 -> 3226.39 | M12: ='[2]raw data'!K22 -> 13145.61 | N12: =L12/F12 -> 0.19706755 | O12: =M12/F12 -> 0.80293245
A13: 2010 | B13: 54 | C13: Clear Crk | D13: mark-recapture | E13: fall | F13: ='[2]raw data'!E17 -> 7192 | G13: ='[2]raw data'!F17 -> 1496 | H13: =G13/F13 -> 0.2080089 | I13: ='[2]raw data'!H17 -> 19 | J13: =I13/G13 -> 0.012700535 | K13: ='[2]raw data'!I17 -> 19 | L13: =F13-M13 -> 301.23 | M13: ='[2]raw data'!K17 -> 6890.77 | N13: =L13/F13 -> 0.041884038 | O13: =M13/F13 -> 0.95811596
A14: 2010 | B14: 54 | C14: Butte Crk | D14: mark-recapture | E14: fall | F14: ='[2]raw data'!E16 -> 370 | G14: ='[2]raw data'!F16 -> 83 | H14: =G14/F14 -> 0.22432432 | I14: ='[2]raw data'!H16 -> 3 | J14: =I14/G14 -> 0.036144578 | K14: ='[2]raw data'!I16 -> 3 | L14: =F14-M14 -> 40.18 | M14: ='[2]raw data'!K16 -> 329.82 | N14: =L14/F14 -> 0.10859459 | O14: =M14/F14 -> 0.89140541
A15: 2010 | B15: 54 | C15: Mill Crk | D15: redd count | E15: fall | F15: ='[2]raw data'!E21 -> 144 | G15: ='[2]raw data'!F21 -> 144 | H15: =G15/F15 -> 1 | I15: ='[2]raw data'!H21 -> 1 | J15: =I15/G15 -> 0.0069444444 | K15: ='[2]raw data'!I21 -> 1 | L15: =F15-M15 -> 4.05 | M15: ='[2]raw data'!K21 -> 139.95 | N15: =L15/F15 -> 0.028125 | O15: =M15/F15 -> 0.971875
A16: 2010 | B16: 54 | C16: Deer Crk | D16: redd count | E16: fall | F16: ='[2]raw data'!E18 -> 166 | G16: ='[2]raw data'!F18 -> 166 | H16: =G16/F16 -> 1 | I16: ='[2]raw data'!H18 -> 2 | J16: =I16/G16 -> 0.012048193 | K16: ='[2]raw data'!I18 -> 2 | L16: =F16-M16 -> 5.11 | M16: ='[2]raw data'!K18 -> 160.89 | N16: =L16/F16 -> 0.030783133 | O16: =M16/F16 -> 0.96921687
A17: 2010 | B17: 54 | C17: Feather River | D17: mark-recapture | E17: fall | F17: ='[2]raw data'!E19 -> 44914 | G17: ='[2]raw data'!F19 -> 5077 | H17: =G17/F17 -> 0.11303825 | I17: 1388 | J17: =I17/G17 -> 0.2733898 | K17: ='[2]raw data'!I19 -> 1276 | L17: =F17-M17 -> 34980.6 | M17: ='[2]raw data'!K19 -> 9933.4 | N17: =L17/F17 -> 0.77883511 | O17: =M17/F17 -> 0.22116489
A18: 2010 | B18: 54 | C18: Yuba River | D18: mark-recapture | E18: fall | F18: ='[2]raw data'!E20 -> 13097 | G18: ='[2]raw data'!F20 -> 789 | H18: =G18/F18 -> 0.060242804 | I18: ='[2]raw data'!H20 -> 341 | J18: =I18/G18 -> 0.43219265 | K18: ='[2]raw data'!I20 -> 330 | L18: =F18-M18 -> 9247.82 | M18: ='[2]raw data'!K20 -> 3849.18 | N18: =L18/F18 -> 0.70610216 | O18: =M18/F18 -> 0.29389784
A19: 2010 | B19: 54 | C19: American River | D19: mark-recapture | E19: fall | F19: ='[2]raw data'!E15 -> 7573 | G19: ='[2]raw data'!F15 -> 1435 | H19: =G19/F19 -> 0.18948897 | I19: ='[2]raw data'!H15 -> 142 | J19: =I19/G19 -> 0.098954704 | K19: ='[2]raw data'!I15 -> 134 | L19: =F19-M19 -> 2438.51 | M19: ='[2]raw data'!K15 -> 5134.49 | N19: =L19/F19 -> 0.32200053 | O19: =M19/F19 -> 0.67799947
A20: 2010 | B20: 59 | C20: Nimbus Weir | D20: actual count | E20: fall | F20: ='[2]raw data'!E27 -> 7115 | G20: ='[2]raw data'!F27 -> 7115 | H20: =G20/F20 -> 1 | I20: ='[2]raw data'!H27 -> 999 | J20: =I20/G20 -> 0.14040759 | K20: ='[2]raw data'!I27 -> 948 | L20: =F20-M20 -> 2684.49 | M20: ='[2]raw data'!K27 -> 4430.51 | N20: =L20/F20 -> 0.37730007 | O20: =M20/F20 -> 0.62269993
E21: Sacramento River basin natural area fall totals | F21: =SUM(F12:F20) -> 96943 | G21: =SUM(G12:G20) -> 17720 | H21: =G21/F21 -> 0.18278782 | I21: =SUM(I12:I20) -> 3025 | J21: =I21/G21 -> 0.17071106 | K21: =SUM(K12:K20) -> 2830 | L21: =SUM(L12:L20) -> 52928.38 | M21: =SUM(M12:M20) -> 44014.62 | N21: =L21/F21 -> 0.54597423 | O21: =M21/F21 -> 0.45402577
A22: SJ natural - fall
A23: year | B23: fishery | C23: Sample site | D23: sample method | E23: sampled run | F23: total estimate | G23: sampled | H23: sample rate | I23: ad-clips obsvd | J23: ad-clip rate | K23: valid CWTs | L23: hatchery component | M23: natural component | N23: hatchery | O23: natural
A24: 2010 | B24: 54 | C24: Mokelume River | D24: video weir | E24: fall | F24: ='[2]raw data'!E24 -> 1920 | G24: ='[2]raw data'!F24 -> 1920 | H24: =G24/F24 -> 1 | I24: ='[2]raw data'!H24 -> 820 | J24: =I24/G24 -> 0.42708333 | K24: ='[2]raw data'!I24 -> 808 | L24: =F24-M24 -> 1409.05 | M24: ='[2]raw data'!K24 -> 510.95 | N24: =L24/F24 -> 0.73388021 | O24: =M24/F24 -> 0.26611979
A25: 2010 | B25: 59 | C25: Mokelumne Weir | D25: actual count | E25: fall | F25: ='[2]raw data'!E28 -> 244 | G25: ='[2]raw data'!F28 -> 244 | H25: =G25/F25 -> 1 | I25: ='[2]raw data'!H28 -> 119 | J25: =I25/G25 -> 0.48770492 | K25: ='[2]raw data'!I28 -> 115 | L25: =F25-M25 -> 180.52 | M25: ='[2]raw data'!K28 -> 63.48 | N25: =L25/F25 -> 0.73983607 | O25: =M25/F25 -> 0.26016393
A26: 2010 | B26: 54 | C26: Merced River | D26: mark-recapture | E26: fall | F26: ='[2]raw data'!E23 -> 651 | G26: ='[2]raw data'!F23 -> 132 | H26: =G26/F26 -> 0.20276498 | I26: ='[2]raw data'!H23 -> 49 | J26: =I26/G26 -> 0.37121212 | K26: ='[2]raw data'!I23 -> 46 | L26: =F26-M26 -> 506.93 | M26: ='[2]raw data'!K23 -> 144.07 | N26: =L26/F26 -> 0.77869432 | O26: =M26/F26 -> 0.22130568
A27: 2010 | B27: 54 | C27: Stanislaus River | D27: mark-recapture | E27: fall | F27: ='[2]raw data'!E25 -> 1086 | G27: ='[2]raw data'!F25 -> 155 | H27: =G27/F27 -> 0.1427256 | I27: ='[2]raw data'!H25 -> 38 | J27: =I27/G27 -> 0.24516129 | K27: ='[2]raw data'!I25 -> 36 | L27: =F27-M27 -> 544.18 | M27: ='[2]raw data'!K25 -> 541.82 | N27: =L27/F27 -> 0.50108656 | O27: =M27/F27 -> 0.49891344
A28: 2010 | B28: 54 | C28: Tuolumne River | D28: mark-recapture | E28: fall | F28: ='[2]raw data'!E26 -> 540 | G28: ='[2]raw data'!F26 -> 85 | H28: =G28/F28 -> 0.15740741 | I28: ='[2]raw data'!H26 -> 27 | J28: =I28/G28 -> 0.31764706 | K28: ='[2]raw data'!I26 -> 24 | L28: =F28-M28 -> 264.26 | M28: ='[2]raw data'!K26 -> 275.74 | N28: =L28/F28 -> 0.48937037 | O28: =M28/F28 -> 0.51062963
E29: San Joaquin basin natural area fall totals | F29: =SUM(F24:F28) -> 4441 | G29: =SUM(G24:G28) -> 2536 | H29: =G29/F29 -> 0.57104256 | I29: =SUM(I24:I28) -> 1053 | J29: =I29/G29 -> 0.41522082 | K29: =SUM(K24:K28) -> 1029 | L29: =SUM(L24:L28) -> 2904.94 | M29: =SUM(M24:M28) -> 1536.06 | N29: =L29/F29 -> 0.65411844 | O29: =M29/F29 -> 0.34588156
A30: CV late fall & spring
A31: year | B31: fishery | C31: Sample site | D31: sample method | E31: sampled run | F31: total estimate | G31: sampled | H31: sample rate | I31: ad-clips obsvd | J31: ad-clip rate | K31: valid CWTs | L31: hatchery component | M31: natural component | N31: hatchery | O31: natural
A32: 2010 | B32: 50 | C32: Coleman Hatchery late fall | D32: actual count | E32: late fall | F32: ='[2]raw data'!E30 -> 5505 | G32: ='[2]raw data'!F30 -> 5505 | H32: =G32/F32 -> 1 | I32: ='[2]raw data'!H30 -> 5391 | J32: =I32/G32 -> 0.97929155 | K32: ='[2]raw data'!I30 -> 5258 | L32: =F32-M32 -> 5478.13 | M32: ='[2]raw data'!K30 -> 26.87
A33: 2010 | B33: 54 | C33: American River late fall count | D33: cumulative cnt | E33: late fall | F33: ='[2]raw data'!E31 -> 162 | G33: ='[2]raw data'!F31 -> 162 | H33: =G33/F33 -> 1 | I33: ='[2]raw data'!H31 -> 37 | J33: =I33/G33 -> 0.22839506 | K33: ='[2]raw data'!I31 -> 37 | L33: =F33-M33 -> 38.61 | M33: ='[2]raw data'!K31 -> 123.39 | N33: =L33/F33 -> 0.23833333 | O33: =M33/F33 -> 0.76166667
A34: 2010 | B34: 54 | C34: Upper Sac late fall carcass | D34: mark-recapture | E34: late fall | F34: ='[2]raw data'!E32 -> 4282 | G34: ='[2]raw data'!F32 -> 811 | H34: =G34/F34 -> 0.18939748 | I34: ='[2]raw data'!H32 -> 47 | J34: =I34/G34 -> 0.057953144 | K34: ='[2]raw data'!I32 -> 43 | L34: =F34-M34 -> 249.73 | M34: ='[2]raw data'!K32 -> 4032.27 | N34: =L34/F34 -> 0.058320878 | O34: =M34/F34 -> 0.94167912
A35: 2010 | B35: 54 | C35: Butte Crk spring carcass | D35: mark-recapture | E35: spring | F35: ='[2]raw data'!E4 -> 1979 | G35: ='[2]raw data'!F4 -> 1113 | H35: =G35/F35 -> 0.56240526 | I35: ='[2]raw data'!H4 -> 21 | J35: =I35/G35 -> 0.018867925 | K35: ='[2]raw data'!I4 -> 16 | L35: =F35-M35 -> 29.14 | M35: ='[2]raw data'!K4 -> 1949.86 | N35: =L35/F35 -> 0.014724608 | O35: =M35/F35 -> 0.98527539
A36: 2010 | B36: 54 | C36: Mill Crk spring | D36: redd count | E36: spring | F36: ='[2]raw data'!E5 -> 482 | G36: ='[2]raw data'!F5 -> 482 | H36: =G36/F36 -> 1 | I36: ='[2]raw data'!H5 -> 1 | J36: =I36/G36 -> 0.0020746888 | K36: ='[2]raw data'!I5 -> 1 | L36: =F36-M36 -> 1.03 | M36: ='[2]raw data'!K5 -> 480.97 | N36: =L36/F36 -> 0.0021369295 | O36: =M36/F36 -> 0.99786307
A37: 2010 | B37: 54 | C37: Deek Crk spring | D37: snorkle-max cnt | E37: spring | F37: 262 | G37: 262 | H37: =G37/F37 -> 1 | M37: 262 | O37: =M37/F37 -> 1
A38: 2010 | B38: 50 | C38: Feather R Hatchery spring | D38: actual count | E38: spring | F38: ='[2]raw data'!E3 -> 1661 | G38: ='[2]raw data'!F3 -> 1661 | H38: =G38/F38 -> 1 | I38: ='[2]raw data'!H3 -> 1279 | J38: =I38/G38 -> 0.77001806 | K38: ='[2]raw data'!I3 -> 1234 | L38: =F38-M38 -> 1361.01 | M38: ='[2]raw data'!K3 -> 299.99 | N38: =L38/F38 -> 0.81939193 | O38: =M38/F38 -> 0.18060807
E39: Sacramento River basin late fall and spring totals | F39: =SUM(F32:F38) -> 14333 | G39: =SUM(G32:G38) -> 9996 | H39: =G39/F39 -> 0.69741157 | I39: =SUM(I32:I38) -> 6776 | J39: =I39/G39 -> 0.67787115 | K39: =SUM(K32:K38) -> 6589 | L39: =SUM(L32:L38) -> 7157.65 | M39: =SUM(M32:M38) -> 7175.35 | N39: =L39/F39 -> 0.49938254 | O39: =M39/F39 -> 0.50061746
A41: CV creel survey
A42: year | B42: fishery | C42: sample site | D42: sample method | E42: sampled run | F42: total estimate | G42: sampled | H42: sample rate | I42: ad-clips obsvd | J42: ad-clip rate | K42: valid CWTs | L42: hatchery component | M42: natural component | N42: hatchery | O42: natural
A43: 2010 | B43: 46 | C43: American River | D43: creel | E43: fall | F43: ='[2]raw data'!E6 -> 248 | G43: ='[2]raw data'!F6 -> 14 | H43: =G43/F43 -> 0.056451613 | I43: ='[2]raw data'!H6 -> 7 | J43: =I43/G43 -> 0.5 | K43: ='[2]raw data'!I6 -> 6 | L43: =F43-M43 -> 374.74 | M43: ='[2]raw data'!K6 -> -126.74
A44: 2010 | B44: 46 | C44: Feather River | D44: creel | E44: fall | F44: ='[2]raw data'!E7 -> 1194 | G44: ='[2]raw data'!F7 -> 111 | H44: =G44/F44 -> 0.092964824 | I44: ='[2]raw data'!H7 -> 26 | J44: =I44/G44 -> 0.23423423 | K44: ='[2]raw data'!I7 -> 26 | L44: =F44-M44 -> 867.95 | M44: ='[2]raw data'!K7 -> 326.05 | N44: =L44/F44 -> 0.7269263 | O44: =M44/F44 -> 0.2730737
A45: 2010 | B45: 46 | C45: Sac River above Knights Ldg | D45: creel | E45: fall | F45: ='[2]raw data'!E8 -> 2080 | G45: ='[2]raw data'!F8 -> 187 | H45: =G45/F45 -> 0.089903846 | I45: ='[2]raw data'!H8 -> 23 | J45: =I45/G45 -> 0.12299465 | K45: ='[2]raw data'!I8 -> 21 | L45: =F45-M45 -> 770.15 | M45: ='[2]raw data'!K8 -> 1309.85 | N45: =L45/F45 -> 0.37026442 | O45: =M45/F45 -> 0.62973558
A46: 2010 | B46: 46 | C46: Sac River Carquinez to Knghts | D46: creel | E46: fall | F46: ='[2]raw data'!E9 -> 2008 | G46: ='[2]raw data'!F9 -> 126 | H46: =G46/F46 -> 0.062749004 | I46: ='[2]raw data'!H9 -> 45 | J46: =I46/G46 -> 0.35714286 | K46: ='[2]raw data'!I9 -> 44 | L46: =F46-M46 -> 1946.95 | M46: ='[2]raw data'!K9 -> 61.05 | N46: =L46/F46 -> 0.96959661 | O46: =M46/F46 -> 0.030403386
A47: 2010 | B47: 46 | C47: Sac River above Red Bluff | D47: creel | E47: late fall | F47: ='[2]raw data'!E29 -> 1117 | G47: ='[2]raw data'!F29 -> 144 | H47: =G47/F47 -> 0.12891674 | I47: ='[2]raw data'!H29 -> 87 | J47: =I47/G47 -> 0.60416667 | K47: ='[2]raw data'!I29 -> 86 | L47: =F47-M47 -> 720.22 | M47: ='[2]raw data'!K29 -> 396.78 | N47: =L47/F47 -> 0.64478066 | O47: =M47/F47 -> 0.35521934
E48: CV creel totals | F48: =SUM(F43:F47) -> 6647 | G48: =SUM(G43:G47) -> 582 | H48: =G48/F48 -> 0.087558297 | I48: =SUM(I43:I47) -> 188 | J48: =I48/G48 -> 0.32302405 | K48: =SUM(K43:K47) -> 183 | L48: =SUM(L44:L47) -> 4305.27 | M48: =SUM(M43:M47) -> 1966.99 | N48: =L48/F48 -> 0.64770122 | O48: =M48/F48 -> 0.29592147
D52: Sampling area -run | E52: location | F52: total estimate | G52: sampled | H52: sample rate | I52: ad-clips obsvd | J52: ad-clip rate | K52: valid CWTs | L52: hatchery component | M52: natural component | N52: %hatchery | O52: %natural
D53: Sac basin fall | E53: hatchery | F53: =F4+F5+F6 -> 46305 | G53: =G4+G5+G6 -> 46305 | H53: =G53/F53 -> 1 | I53: =I4+I5+I6 -> 12573 | J53: =I53/G53 -> 0.27152575 | K53: =K4+K5+K6 -> 12114 | L53: =L4+L5+L6 -> 41402.19 | M53: =M4+M5+M6 -> 4902.81 | N53: =L53/F53 -> 0.89411921 | O53: =M53/F53 -> 0.10588079
E54: natural | F54: =F21 -> 96943 | G54: =G21 -> 17720 | H54: =G54/F54 -> 0.18278782 | I54: =I21 -> 3025 | J54: =I54/G54 -> 0.17071106 | K54: =K21 -> 2830 | L54: =L21 -> 52928.38 | M54: =M21 -> 44014.62 | N54: =L54/F54 -> 0.54597423 | O54: =M54/F54 -> 0.45402577
D56: Sac basin spring | E56: hatchery | F56: =F38 -> 1661 | G56: =G38 -> 1661 | H56: =G56/F56 -> 1 | I56: =I38 -> 1279 | J56: =I56/G56 -> 0.77001806 | K56: =K38 -> 1234 | L56: =L38 -> 1361.01 | M56: =M38 -> 299.99 | N56: =L56/F56 -> 0.81939193 | O56: =M56/F56 -> 0.18060807
E57: natural | F57: =F35+F36+F37 -> 2723 | G57: =G35+G36+G37 -> 1857 | H57: =G57/F57 -> 0.68196842 | I57: =I35+I36+I37 -> 22 | J57: =I57/G57 -> 0.011847065 | K57: =K35+K36+K37 -> 17 | L57: =L35+L36+L37 -> 30.17 | M57: =M35+M36+M37 -> 2692.83 | N57: =L57/F57 -> 0.011079692 | O57: =M57/F57 -> 0.98892031
D59: Sac basin late fall | E59: hatchery | F59: =F32 -> 5505 | G59: =G32 -> 5505 | I59: =I32 -> 5391 | K59: =K32 -> 5258 | L59: =L32 -> 5478.13 | M59: =M32 -> 26.87
E60: natural | F60: =F33+F34 -> 4444 | G60: =G33+G34 -> 973 | H60: =G60/F60 -> 0.21894689 | I60: =I33+I34 -> 84 | J60: =I60/G60 -> 0.086330935 | K60: =K33+K34 -> 80 | L60: =L33+L34 -> 288.34 | M60: =M33+M34 -> 4155.66 | N60: =L60/F60 -> 0.064882988 | O60: =M60/F60 -> 0.93511701
D62: SJ basin fall | E62: hatchery | F62: =F7+F8 -> 5422 | G62: =G7+G8 -> 5422 | H62: =G62/F62 -> 1 | I62: =I7+I8 -> 2830 | J62: =I62/G62 -> 0.52194762 | K62: =K7+K8 -> 2788 | L62: =L7+L8 -> 4850.82 | M62: =M7+M8 -> 571.18 | N62: =L62/F62 -> 0.89465511 | O62: =M62/F62 -> 0.10534489
E63: natural | F63: =F29 -> 4441 | G63: =G29 -> 2536 | H63: =G63/F63 -> 0.57104256 | I63: =I29 -> 1053 | J63: =I63/G63 -> 0.41522082 | K63: =K29 -> 1029 | L63: =L29 -> 2904.94 | M63: =M29 -> 1536.06 | N63: =L63/F63 -> 0.65411844 | O63: =M63/F63 -> 0.34588156
D65: CV creel fall | F65: =F48-F47 -> 5530 | G65: =G48-G47 -> 438 | H65: =G65/F65 -> 0.07920434 | I65: =I48-I47 -> 101 | J65: =I65/G65 -> 0.23059361 | K65: =K48-K47 -> 97 | L65: =L48-L47 -> 3585.05 | M65: =M48-M47 -> 1570.21 | N65: =L65/F65 -> 0.64829114 | O65: =M65/F65 -> 0.28394394
D66: CV creel late fall | F66: =F47 -> 1117 | G66: =G47 -> 144 | H66: =G66/F66 -> 0.12891674 | I66: =I47 -> 87 | J66: =I66/G66 -> 0.60416667 | K66: =K47 -> 86 | L66: =L47 -> 720.22 | M66: =M47 -> 396.78 | N66: =L66/F66 -> 0.64478066 | O66: =M66/F66 -> 0.35521934
E68: TOTAL | F68: =SUM(F53:F66) -> 174091 | G68: =SUM(G53:G66) -> 82561 | H68: =G68/F68 -> 0.47424048 | I68: =SUM(I53:I66) -> 26445 | J68: =I68/G68 -> 0.32030862 | K68: =SUM(K53:K66) -> 25533 | L68: =SUM(L53:L66) -> 113549.25 | M68: =SUM(M53:M66) -> 60167.01 | N68: =L68/F68 -> 0.65224078 | O68: =M68/F68 -> 0.34560667
E71: hat | F71: =F62+F59+F56+F53 -> 58893 | G71: =G62+G59+G56+G53 -> 58893 | H71: =G71/F71 -> 1 | I71: =I62+I59+I56+I53 -> 22073 | J71: =I71/G71 -> 0.37479836 | K71: =K62+K59+K56+K53 -> 21394 | L71: =L62+L59+L56+L53 -> 53092.15 | M71: =M62+M59+M56+M53 -> 5800.85 | N71: =L71/F71 -> 0.90150188 | O71: =M71/F71 -> 0.098498124
E72: nat | F72: =F63+F60+F57+F54 -> 108551 | G72: =G63+G60+G57+G54 -> 23086 | H72: =G72/F72 -> 0.21267423 | I72: =I63+I60+I57+I54 -> 4184 | J72: =I72/G72 -> 0.18123538 | K72: =K63+K60+K57+K54 -> 3956 | L72: =L63+L60+L57+L54 -> 56151.83 | M72: =M63+M60+M57+M54 -> 52399.17 | N72: =L72/F72 -> 0.51728524 | O72: =M72/F72 -> 0.48271476
E73: creel | F73: =F65+F66 -> 6647 | G73: =G65+G66 -> 582 | H73: =G73/F73 -> 0.087558297 | I73: =I65+I66 -> 188 | J73: =I73/G73 -> 0.32302405 | K73: =K65+K66 -> 183 | L73: =L65+L66 -> 4305.27 | M73: =M65+M66 -> 1966.99 | N73: =L73/F73 -> 0.64770122 | O73: =M73/F73 -> 0.29592147

Sheet Table 7 Inland 2011 Tag Summary
A1: Table 7. Raw and expanded CV Chinook CWT recoveries by stock and age, brood years 2006-2011.
B3: Fall | C3: =D3+1 -> 2010 | D3: =E3+1 -> 2009 | E3: =F3+1 -> 2008 | F3: =G3+1 -> 2007 | G3: 2006 | J3: Total CV CWTs | K3: Total CV %
B4: Age | C4: 1 | D4: 2 | E4: 3 | F4: 4 | G4: 5
A6: Raw CWT Recoveries | C6: ='[1]raw inland'!L5 -> 3 | D6: ='[1]raw inland'!M5 -> 27506 | E6: ='[1]raw inland'!N5 -> 9053 | F6: ='[1]raw inland'!O5 -> 1381 | G6: ='[1]raw inland'!P5 -> 1 | J6: =SUM(C6:G6) -> 37944 | K6: =J6/$J$41 -> 0.81431883
C7: (< 1%) | D7: (72%) | E7: (24%) | F7: (4%) | G7: (< 1%)
A9: Expanded CWTtotal | C9: ='[1]raw inland'!L7 -> 46.56 | D9: 121939 | E9: 76753 | F9: 13412 | G9: ='[1]raw inland'!P7 -> 4.29 | J9: =SUM(C9:G9) -> 212154.85 | K9: =J9/$J$44 -> 0.9317283
C10: (< 1%) | D10: (57%) | E10: (36%) | F10: (6%) | G10: (< 1%)
B12: Spring | C12: =C3 -> 2010 | D12: =D3 -> 2009 | E12: =E3 -> 2008 | F12: =F3 -> 2007 | G12: =G3 -> 2006 | J12: Total CV CWTs | K12: Total CV %
B13: Age | C13: 1 | D13: 2 | E13: 3 | F13: 4 | G13: 5
A15: Raw CWT Recoveries | D15: ='[1]raw inland'!M12 -> 1317 | E15: ='[1]raw inland'!N12 -> 2125 | F15: ='[1]raw inland'!O12 -> 540 | J15: =SUM(C15:G15) -> 3982 | K15: =J15/$J$41 -> 0.085457979
D16: (33%) | E16: (54%) | F16: (14%)
A18: Expanded CWTtotal | D18: ='[1]raw inland'!M14 -> 1880.02 | E18: ='[1]raw inland'!N14 -> 4421.48 | F18: ='[1]raw inland'!O14 -> 1541.17 | J18: =SUM(C18:G18) -> 7842.67 | K18: =J18/$J$44 -> 0.034442944
D19: (24%) | E19: (56%) | F19: (20%)
B21: Late-Fall | C21: =D21+1 -> 2011 | D21: =E21+1 -> 2010 | E21: =F21+1 -> 2009 | F21: =G21+1 -> 2008 | G21: =H21+1 -> 2007 | H21: 2006 | J21: Total CV CWTs | K21: Total CV %
B22: Age | C22: 1 | D22: 2 | E22: 3 | F22: 4 | G22: 5 | H22: 6
A24: Raw CWT Recoveries | D24: ='[1]raw inland'!M26 -> 102 | E24: ='[1]raw inland'!N26 -> 1077 | F24: ='[1]raw inland'!O26 -> 2974 | G24: ='[1]raw inland'!P26 -> 511 | H24: ='[1]raw inland'!Q26 -> 4 | J24: =SUM(D24:H24) -> 4668 | K24: =J24/$J$41 -> 0.10018027
D25: (2%) | E25: (23%) | F25: (64%) | G25: (11%) | H25: (< 1%)
A27: Expanded CWTtotal | D27: ='[1]raw inland'!M28 -> 374.58 | E27: ='[1]raw inland'!N28 -> 2273.05 | F27: ='[1]raw inland'!O28 -> 3941.37 | G27: ='[1]raw inland'!P28 -> 1104.16 | H27: ='[1]raw inland'!Q28 -> 4.46 | J27: =SUM(D27:H27) -> 7697.62 | K27: =J27/$J$44 -> 0.033805922
D28: (5%) | E28: (30%) | F28: (51%) | G28: (14%) | H28: (< 1%)
B30: Winter | C30: =D30+1 -> 2011 | D30: =E30+1 -> 2010 | E30: =F30+1 -> 2009 | F30: =G30+1 -> 2008 | G30: =H30+1 -> 2007 | H30: =H21 -> 2006 | J30: Total CV CWTs | K30: Total CV %
B31: Age | C31: 1 | D31: 2 | E31: 3 | F31: 4 | G31: 5 | H31: 6
A33: Raw CWT Recoveries | D33: ='[1]raw inland'!M19 -> 1 | E33: ='[1]raw inland'!N19 -> 1 | J33: =SUM(D33:H33) -> 2 | K33: =J33/$J$41 -> 4.2922139e-05
D34: (50%) | E34: (50%)
A36: Expanded CWTtotal | D36: ='[1]raw inland'!M21 -> 2.08 | E36: ='[1]raw inland'!N21 -> 2.12 | J36: =SUM(D36:H36) -> 4.2 | K36: =J36/$J$44 -> 1.8445295e-05
D37: (50%) | E37: (50%)
B38: All Runs | J38: Total CV CWTs | K38: Total CV %
B39: Age | C39: 1 | D39: 2 | E39: 3 | F39: 4 | G39: 5 | H39: 6
A41: Raw CWT Recoveries | C41: =C33+C24+C15+C6 -> 3 | D41: =D33+D24+D15+D6 -> 28926 | E41: =E33+E24+E15+E6 -> 12256 | F41: =F33+F24+F15+F6 -> 4895 | G41: =G33+G24+G15+G6 -> 512 | H41: =H33+H24+H15+H6 -> 4 | J41: =SUM(C41:I41) -> 46596 | K41: =K33+K24+K15+K6 -> 1
C42: (< 1%) | D42: (62%) | E42: (26%) | F42: (11%) | G42: (1%) | H42: (< 1%)
A44: Expanded CWTtotal | C44: =C9+C18+C27+C36 -> 46.56 | D44: =D9+D18+D27+D36 -> 124195.68 | E44: =E9+E18+E27+E36 -> 83449.65 | F44: =F9+F18+F27+F36 -> 18894.54 | G44: =G9+G18+G27+G36 -> 1108.45 | H44: =H9+H18+H27+H36 -> 4.46 | J44: =SUM(C44:H44)+1 -> 227700.34 | K44: =K36+K27+K18+K9 -> 0.99999561
C45: (< 1%) | D45: (54%) | E45: (37%) | F45: (8%) | G45: (< 1%) | H45: (< 1%)
D46: `

Sheet 2011 Table 9
A1: Table 9. Percentage of inland CWTtotal recoveries by location, run, and release typeᵃ in hatchery returns, natural escapement and sport harvest during 2011.
E3: Coleman National Fish Hatchery | J3: Feather River Hatcheryᵇ | R3: Nimbus Hatchery | U3: Mokelumne/Merced hatcheriesᵇ | AA3: Total % | AC3: Total
A4: Location | B4: location | C4: fishery | D4: Run | E4: CFHLh | F4: CFHLe | G4: CFHFh | H4: CFHFn | I4: CFHFe | J4: FRHS | K4: FRHSn | L4: FRHFe | M4: FRHFn | N4: FRHFnc | O4: FRHFt | P4: FRHFtib | Q4: FEAFw | R4: NIMF | S4: NIMFn | T4: NIMFtib | U4: MOKF | V4: MOKFn | W4: MOKFt | X4: MokFw | Y4: MERF | Z4: nonCV | AA4: Hatchery | AB4: Natural | AC4: Run
A6: Hatchery Spawners
A7: Coleman Hatchery | B7: CNFH | C7: 50 | D7: Late | E7: =IF('[3]actual CWTs exp'!E4/'[3]actual CWTs exp'!$AC4>0.0005,'[3]actual CWTs exp'!E4/'[3]actual CWTs exp'!$AC4,IF('[3]actual CWTs exp'!E4/'[3]actual CWTs exp'!$AC4>0,"* "," ")) -> 0.98434054 | F7: =IF('[3]actual CWTs exp'!F4/'[3]actual CWTs exp'!$AC4>0.0005,'[3]actual CWTs exp'!F4/'[3]actual CWTs exp'!$AC4,IF('[3]actual CWTs exp'!F4/'[3]actual CWTs exp'!$AC4>0,"- "," ")) -> - | G7: =IF('[3]actual CWTs exp'!G4/'[3]actual CWTs exp'!$AC4>0.0005,'[3]actual CWTs exp'!G4/'[3]actual CWTs exp'!$AC4,IF('[3]actual CWTs exp'!G4/'[3]actual CWTs exp'!$AC4>0,"- "," ")) -> 0.020291134 | H7: =IF('[3]actual CWTs exp'!H4/'[3]actual CWTs exp'!$AC4>0.0005,'[3]actual CWTs exp'!H4/'[3]actual CWTs exp'!$AC4,IF('[3]actual CWTs exp'!H4/'[3]actual CWTs exp'!$AC4>0,"- "," ")) -> 0.0008822232 | I7: =IF('[3]actual CWTs exp'!I4/'[3]actual CWTs exp'!$AC4>0.0005,'[3]actual CWTs exp'!I4/'[3]actual CWTs exp'!$AC4,IF('[3]actual CWTs exp'!I4/'[3]actual CWTs exp'!$AC4>0,"- "," ")) | J7: =IF('[3]actual CWTs exp'!J4/'[3]actual CWTs exp'!$AC4>0.0005,'[3]actual CWTs exp'!J4/'[3]actual CWTs exp'!$AC4,IF('[3]actual CWTs exp'!J4/'[3]actual CWTs exp'!$AC4>0,"- "," ")) | K7: =IF('[3]actual CWTs exp'!K4/'[3]actual CWTs exp'!$AC4>0.0005,'[3]actual CWTs exp'!K4/'[3]actual CWTs exp'!$AC4,IF('[3]actual CWTs exp'!K4/'[3]actual CWTs exp'!$AC4>0,"- "," ")) | L7: =IF('[3]actual CWTs exp'!L4/'[3]actual CWTs exp'!$AC4>0.0005,'[3]actual CWTs exp'!L4/'[3]actual CWTs exp'!$AC4,IF('[3]actual CWTs exp'!L4/'[3]actual CWTs exp'!$AC4>0,"- "," ")) | M7: =IF('[3]actual CWTs exp'!M4/'[3]actual CWTs exp'!$AC4>0.0005,'[3]actual CWTs exp'!M4/'[3]actual CWTs exp'!$AC4,IF('[3]actual CWTs exp'!M4/'[3]actual CWTs exp'!$AC4>0,"- "," ")) | ... Z7: =IF('[3]actual CWTs exp'!Z4/'[3]actual CWTs exp'!$AC4>0.0005,'[3]actual CWTs exp'!Z4/'[3]actual CWTs exp'!$AC4,IF('[3]actual CWTs exp'!Z4/'[3]actual CWTs exp'!$AC4>0,"- "," ")) | AA7: 1 | AB7: 1e-06 | AC7: ='[3]actual CWTs exp'!AC4 -> 4534
A8: Feather River Hatchery | B8: FRFH | C8: 50 | D8: Spring | E8: =IF('[3]actual CWTs exp'!E5/'[3]actual CWTs exp'!$AC5>0.0005,'[3]actual CWTs exp'!E5/'[3]actual CWTs exp'!$AC5,IF('[3]actual CWTs exp'!E5/'[3]actual CWTs exp'!$AC5>0,"- "," ")) | F8: =IF('[3]actual CWTs exp'!F5/'[3]actual CWTs exp'!$AC5>0.0005,'[3]actual CWTs exp'!F5/'[3]actual CWTs exp'!$AC5,IF('[3]actual CWTs exp'!F5/'[3]actual CWTs exp'!$AC5>0,"- "," ")) | G8: =IF('[3]actual CWTs exp'!G5/'[3]actual CWTs exp'!$AC5>0.0005,'[3]actual CWTs exp'!G5/'[3]actual CWTs exp'!$AC5,IF('[3]actual CWTs exp'!G5/'[3]actual CWTs exp'!$AC5>0,"- "," ")) | H8: =IF('[3]actual CWTs exp'!H5/'[3]actual CWTs exp'!$AC5>0.0005,'[3]actual CWTs exp'!H5/'[3]actual CWTs exp'!$AC5,IF('[3]actual CWTs exp'!H5/'[3]actual CWTs exp'!$AC5>0,"- "," ")) | I8: =IF('[3]actual CWTs exp'!I5/'[3]actual CWTs exp'!$AC5>0.0005,'[3]actual CWTs exp'!I5/'[3]actual CWTs exp'!$AC5,IF('[3]actual CWTs exp'!I5/'[3]actual CWTs exp'!$AC5>0,"- "," ")) | J8: =IF('[3]actual CWTs exp'!J5/'[3]actual CWTs exp'!$AC5>0.0005,'[3]actual CWTs exp'!J5/'[3]actual CWTs exp'!$AC5,IF('[3]actual CWTs exp'!J5/'[3]actual CWTs exp'!$AC5>0,"- "," ")) -> 0.24225495 | K8: =IF('[3]actual CWTs exp'!K5/'[3]actual CWTs exp'!$AC5>0.0005,'[3]actual CWTs exp'!K5/'[3]actual CWTs exp'!$AC5,IF('[3]actual CWTs exp'!K5/'[3]actual CWTs exp'!$AC5>0,"- "," ")) -> 0.29507364 | L8: =IF('[3]actual CWTs exp'!L5/'[3]actual CWTs exp'!$AC5>0.0005,'[3]actual CWTs exp'!L5/'[3]actual CWTs exp'!$AC5,IF('[3]actual CWTs exp'!L5/'[3]actual CWTs exp'!$AC5>0,"- "," ")) -> 0.064499746 | ... Z8: =IF('[3]actual CWTs exp'!Z5/'[3]actual CWTs exp'!$AC5>0.0005,'[3]actual CWTs exp'!Z5/'[3]actual CWTs exp'!$AC5,IF('[3]actual CWTs exp'!Z5/'[3]actual CWTs exp'!$AC5>0,"- "," ")) | AA8: =SUM(E8:Z8) -> 0.936516 | AB8: =1-AA8 -> 0.063484002 | AC8: ='[3]actual CWTs exp'!AC5 -> 1969
A9: Coleman Hatchery | B9: CNFH | C9: 50 | D9: Fall | E9: =IF('[3]actual CWTs exp'!E6/'[3]actual CWTs exp'!$AC6>0.0005,'[3]actual CWTs exp'!E6/'[3]actual CWTs exp'!$AC6,IF('[3]actual CWTs exp'!E6/'[3]actual CWTs exp'!$AC6>0,"- "," ")) -> 0.0064889099 | F9: =IF('[3]actual CWTs exp'!F6/'[3]actual CWTs exp'!$AC6>0.0005,'[3]actual CWTs exp'!F6/'[3]actual CWTs exp'!$AC6,IF('[3]actual CWTs exp'!F6/'[3]actual CWTs exp'!$AC6>0,"- "," ")) | G9: =IF('[3]actual CWTs exp'!G6/'[3]actual CWTs exp'!$AC6>0.0005,'[3]actual CWTs exp'!G6/'[3]actual CWTs exp'!$AC6,IF('[3]actual CWTs exp'!G6/'[3]actual CWTs exp'!$AC6>0,"- "," ")) -> 0.86774422 | H9: =IF('[3]actual CWTs exp'!H6/'[3]actual CWTs exp'!$AC6>0.0005,'[3]actual CWTs exp'!H6/'[3]actual CWTs exp'!$AC6,IF('[3]actual CWTs exp'!H6/'[3]actual CWTs exp'!$AC6>0,"- "," ")) -> 0.0052147239 | I9: =IF('[3]actual CWTs exp'!I6/'[3]actual CWTs exp'!$AC6>0.0005,'[3]actual CWTs exp'!I6/'[3]actual CWTs exp'!$AC6,IF('[3]actual CWTs exp'!I6/'[3]actual CWTs exp'!$AC6>0,"- "," ")) -> - | J9: =IF('[3]actual CWTs exp'!J6/'[3]actual CWTs exp'!$AC6>0.0005,'[3]actual CWTs exp'!J6/'[3]actual CWTs exp'!$AC6,IF('[3]actual CWTs exp'!J6/'[3]actual CWTs exp'!$AC6>0,"- "," ")) | K9: =IF('[3]actual CWTs exp'!K6/'[3]actual CWTs exp'!$AC6>0.0005,'[3]actual CWTs exp'!K6/'[3]actual CWTs exp'!$AC6,IF('[3]actual CWTs exp'!K6/'[3]actual CWTs exp'!$AC6>0,"- "," ")) | L9: =IF('[3]actual CWTs exp'!L6/'[3]actual CWTs exp'!$AC6>0.0005,'[3]actual CWTs exp'!L6/'[3]actual CWTs exp'!$AC6,IF('[3]actual CWTs exp'!L6/'[3]actual CWTs exp'!$AC6>0,"- "," ")) -> - | ... Z9: =IF('[3]actual CWTs exp'!Z6/'[3]actual CWTs exp'!$AC6>0.0005,'[3]actual CWTs exp'!Z6/'[3]actual CWTs exp'!$AC6,IF('[3]actual CWTs exp'!Z6/'[3]actual CWTs exp'!$AC6>0,"- "," ")) | AA9: =SUM(E9:Z9) -> 0.88560642 | AB9: =1-AA9 -> 0.11439358 | AC9: ='[3]actual CWTs exp'!AC6 -> 42380
A10: Feather River Hatchery | B10: FRFH | C10: 50 | D10: Fall | E10: =IF('[3]actual CWTs exp'!E7/'[3]actual CWTs exp'!$AC7>0.0005,'[3]actual CWTs exp'!E7/'[3]actual CWTs exp'!$AC7,IF('[3]actual CWTs exp'!E7/'[3]actual CWTs exp'!$AC7>0,"- "," ")) | F10: =IF('[3]actual CWTs exp'!F7/'[3]actual CWTs exp'!$AC7>0.0005,'[3]actual CWTs exp'!F7/'[3]actual CWTs exp'!$AC7,IF('[3]actual CWTs exp'!F7/'[3]actual CWTs exp'!$AC7>0,"- "," ")) | G10: =IF('[3]actual CWTs exp'!G7/'[3]actual CWTs exp'!$AC7>0.0005,'[3]actual CWTs exp'!G7/'[3]actual CWTs exp'!$AC7,IF('[3]actual CWTs exp'!G7/'[3]actual CWTs exp'!$AC7>0,"- "," ")) -> - | H10: =IF('[3]actual CWTs exp'!H7/'[3]actual CWTs exp'!$AC7>0.0005,'[3]actual CWTs exp'!H7/'[3]actual CWTs exp'!$AC7,IF('[3]actual CWTs exp'!H7/'[3]actual CWTs exp'!$AC7>0,"- "," ")) -> 0.025600932 | I10: =IF('[3]actual CWTs exp'!I7/'[3]actual CWTs exp'!$AC7>0.0005,'[3]actual CWTs exp'!I7/'[3]actual CWTs exp'!$AC7,IF('[3]actual CWTs exp'!I7/'[3]actual CWTs exp'!$AC7>0,"- "," ")) -> - | J10: =IF('[3]actual CWTs exp'!J7/'[3]actual CWTs exp'!$AC7>0.0005,'[3]actual CWTs exp'!J7/'[3]actual CWTs exp'!$AC7,IF('[3]actual CWTs exp'!J7/'[3]actual CWTs exp'!$AC7>0,"- "," ")) -> 0.032683346 | K10: =IF('[3]actual CWTs exp'!K7/'[3]actual CWTs exp'!$AC7>0.0005,'[3]actual CWTs exp'!K7/'[3]actual CWTs exp'!$AC7,IF('[3]actual CWTs exp'!K7/'[3]actual CWTs exp'!$AC7>0,"- "," ")) -> 0.040041697 | L10: =IF('[3]actual CWTs exp'!L7/'[3]actual CWTs exp'!$AC7>0.0005,'[3]actual CWTs exp'!L7/'[3]actual CWTs exp'!$AC7,IF('[3]actual CWTs exp'!L7/'[3]actual CWTs exp'!$AC7>0,"- "," ")) -> 0.016188374 | ... Z10: =IF('[3]actual CWTs exp'!Z7/'[3]actual CWTs exp'!$AC7>0.0005,'[3]actual CWTs exp'!Z7/'[3]actual CWTs exp'!$AC7,IF('[3]actual CWTs exp'!Z7/'[3]actual CWTs exp'!$AC7>0,"- "," ")) | AA10: =SUM(E10:Z10) -> 0.95750552 | AB10: =1-AA10 -> 0.042494481 | AC10: ='[3]actual CWTs exp'!AC7 -> 32616
A11: Nimbus Hatchery | B11: NBFH | C11: 50 | D11: Fall | E11: =IF('[3]actual CWTs exp'!E8/'[3]actual CWTs exp'!$AC8>0.0005,'[3]actual CWTs exp'!E8/'[3]actual CWTs exp'!$AC8,IF('[3]actual CWTs exp'!E8/'[3]actual CWTs exp'!$AC8>0,"- "," ")) | F11: =IF('[3]actual CWTs exp'!F8/'[3]actual CWTs exp'!$AC8>0.0005,'[3]actual CWTs exp'!F8/'[3]actual CWTs exp'!$AC8,IF('[3]actual CWTs exp'!F8/'[3]actual CWTs exp'!$AC8>0,"- "," ")) | G11: =IF('[3]actual CWTs exp'!G8/'[3]actual CWTs exp'!$AC8>0.0005,'[3]actual CWTs exp'!G8/'[3]actual CWTs exp'!$AC8,IF('[3]actual CWTs exp'!G8/'[3]actual CWTs exp'!$AC8>0,"- "," ")) | H11: =IF('[3]actual CWTs exp'!H8/'[3]actual CWTs exp'!$AC8>0.0005,'[3]actual CWTs exp'!H8/'[3]actual CWTs exp'!$AC8,IF('[3]actual CWTs exp'!H8/'[3]actual CWTs exp'!$AC8>0,"- "," ")) -> 0.019716088 | I11: =IF('[3]actual CWTs exp'!I8/'[3]actual CWTs exp'!$AC8>0.0005,'[3]actual CWTs exp'!I8/'[3]actual CWTs exp'!$AC8,IF('[3]actual CWTs exp'!I8/'[3]actual CWTs exp'!$AC8>0,"- "," ")) | J11: =IF('[3]actual CWTs exp'!J8/'[3]actual CWTs exp'!$AC8>0.0005,'[3]actual CWTs exp'!J8/'[3]actual CWTs exp'!$AC8,IF('[3]actual CWTs exp'!J8/'[3]actual CWTs exp'!$AC8>0,"- "," ")) | K11: =IF('[3]actual CWTs exp'!K8/'[3]actual CWTs exp'!$AC8>0.0005,'[3]actual CWTs exp'!K8/'[3]actual CWTs exp'!$AC8,IF('[3]actual CWTs exp'!K8/'[3]actual CWTs exp'!$AC8>0,"- "," ")) | L11: =IF('[3]actual CWTs exp'!L8/'[3]actual CWTs exp'!$AC8>0.0005,'[3]actual CWTs exp'!L8/'[3]actual CWTs exp'!$AC8,IF('[3]actual CWTs exp'!L8/'[3]actual CWTs exp'!$AC8>0,"- "," ")) -> - | ... Z11: =IF('[3]actual CWTs exp'!Z8/'[3]actual CWTs exp'!$AC8>0.0005,'[3]actual CWTs exp'!Z8/'[3]actual CWTs exp'!$AC8,IF('[3]actual CWTs exp'!Z8/'[3]actual CWTs exp'!$AC8>0,"- "," ")) | AA11: =SUM(E11:Z11) -> 0.76884858 | AB11: =1-AA11 -> 0.23115142 | AC11: ='[3]actual CWTs exp'!AC8 -> 12680
A12: Nimbus Weir | B12: NIMW | C12: 50 | D12: Fall | E12: =IF('[3]actual CWTs exp'!E9/'[3]actual CWTs exp'!$AC9>0.0005,'[3]actual CWTs exp'!E9/'[3]actual CWTs exp'!$AC9,IF('[3]actual CWTs exp'!E9/'[3]actual CWTs exp'!$AC9>0,"- "," ")) | F12: =IF('[3]actual CWTs exp'!F9/'[3]actual CWTs exp'!$AC9>0.0005,'[3]actual CWTs exp'!F9/'[3]actual CWTs exp'!$AC9,IF('[3]actual CWTs exp'!F9/'[3]actual CWTs exp'!$AC9>0,"- "," ")) | G12: =IF('[3]actual CWTs exp'!G9/'[3]actual CWTs exp'!$AC9>0.0005,'[3]actual CWTs exp'!G9/'[3]actual CWTs exp'!$AC9,IF('[3]actual CWTs exp'!G9/'[3]actual CWTs exp'!$AC9>0,"- "," ")) | H12: =IF('[3]actual CWTs exp'!H9/'[3]actual CWTs exp'!$AC9>0.0005,'[3]actual CWTs exp'!H9/'[3]actual CWTs exp'!$AC9,IF('[3]actual CWTs exp'!H9/'[3]actual CWTs exp'!$AC9>0,"- "," ")) -> 0.032933367 | I12: =IF('[3]actual CWTs exp'!I9/'[3]actual CWTs exp'!$AC9>0.0005,'[3]actual CWTs exp'!I9/'[3]actual CWTs exp'!$AC9,IF('[3]actual CWTs exp'!I9/'[3]actual CWTs exp'!$AC9>0,"- "," ")) | J12: =IF('[3]actual CWTs exp'!J9/'[3]actual CWTs exp'!$AC9>0.0005,'[3]actual CWTs exp'!J9/'[3]actual CWTs exp'!$AC9,IF('[3]actual CWTs exp'!J9/'[3]actual CWTs exp'!$AC9>0,"- "," ")) | K12: =IF('[3]actual CWTs exp'!K9/'[3]actual CWTs exp'!$AC9>0.0005,'[3]actual CWTs exp'!K9/'[3]actual CWTs exp'!$AC9,IF('[3]actual CWTs exp'!K9/'[3]actual CWTs exp'!$AC9>0,"- "," ")) -> 0.001787082 | L12: =IF('[3]actual CWTs exp'!L9/'[3]actual CWTs exp'!$AC9>0.0005,'[3]actual CWTs exp'!L9/'[3]actual CWTs exp'!$AC9,IF('[3]actual CWTs exp'!L9/'[3]actual CWTs exp'!$AC9>0,"- "," ")) -> 0.00076589226 | ... Z12: =IF('[3]actual CWTs exp'!Z9/'[3]actual CWTs exp'!$AC9>0.0005,'[3]actual CWTs exp'!Z9/'[3]actual CWTs exp'!$AC9,IF('[3]actual CWTs exp'!Z9/'[3]actual CWTs exp'!$AC9>0,"- "," ")) | AA12: =SUM(E12:Z12) -> 0.2570845 | AB12: =1-AA12 -> 0.7429155 | AC12: ='[3]actual CWTs exp'!AC9 -> 3917
A13: Mokelumne Hatchery | B13: MRFI | C13: 50 | D13: Fall | E13: =IF('[3]actual CWTs exp'!E10/'[3]actual CWTs exp'!$AC10>0.0005,'[3]actual CWTs exp'!E10/'[3]actual CWTs exp'!$AC10,IF('[3]actual CWTs exp'!E10/'[3]actual CWTs exp'!$AC10>0,"- "," ")) -> - | F13: =IF('[3]actual CWTs exp'!F10/'[3]actual CWTs exp'!$AC10>0.0005,'[3]actual CWTs exp'!F10/'[3]actual CWTs exp'!$AC10,IF('[3]actual CWTs exp'!F10/'[3]actual CWTs exp'!$AC10>0,"- "," ")) | G13: =IF('[3]actual CWTs exp'!G10/'[3]actual CWTs exp'!$AC10>0.0005,'[3]actual CWTs exp'!G10/'[3]actual CWTs exp'!$AC10,IF('[3]actual CWTs exp'!G10/'[3]actual CWTs exp'!$AC10>0,"- "," ")) -> - | H13: =IF('[3]actual CWTs exp'!H10/'[3]actual CWTs exp'!$AC10>0.0005,'[3]actual CWTs exp'!H10/'[3]actual CWTs exp'!$AC10,IF('[3]actual CWTs exp'!H10/'[3]actual CWTs exp'!$AC10>0,"- "," ")) -> 0.025185278 | I13: =IF('[3]actual CWTs exp'!I10/'[3]actual CWTs exp'!$AC10>0.0005,'[3]actual CWTs exp'!I10/'[3]actual CWTs exp'!$AC10,IF('[3]actual CWTs exp'!I10/'[3]actual CWTs exp'!$AC10>0,"- "," ")) | J13: =IF('[3]actual CWTs exp'!J10/'[3]actual CWTs exp'!$AC10>0.0005,'[3]actual CWTs exp'!J10/'[3]actual CWTs exp'!$AC10,IF('[3]actual CWTs exp'!J10/'[3]actual CWTs exp'!$AC10>0,"- "," ")) -> - | K13: =IF('[3]actual CWTs exp'!K10/'[3]actual CWTs exp'!$AC10>0.0005,'[3]actual CWTs exp'!K10/'[3]actual CWTs exp'!$AC10,IF('[3]actual CWTs exp'!K10/'[3]actual CWTs exp'!$AC10>0,"- "," ")) -> 0.00081648034 | L13: =IF('[3]actual CWTs exp'!L10/'[3]actual CWTs exp'!$AC10>0.0005,'[3]actual CWTs exp'!L10/'[3]actual CWTs exp'!$AC10,IF('[3]actual CWTs exp'!L10/'[3]actual CWTs exp'!$AC10>0,"- "," ")) -> - | ... Z13: =IF('[3]actual CWTs exp'!Z10/'[3]actual CWTs exp'!$AC10>0.0005,'[3]actual CWTs exp'!Z10/'[3]actual CWTs exp'!$AC10,IF('[3]actual CWTs exp'!Z10/'[3]actual CWTs exp'!$AC10>0,"- "," ")) | AA13: =SUM(E13:Z13) -> 0.97682452 | AB13: =1-AA13 -> 0.02317548 | AC13: ='[3]actual CWTs exp'!AC10 -> 15922
A14: Merced Hatchery | B14: MRFF | C14: 50 | D14: Fall | E14: =IF('[3]actual CWTs exp'!E11/'[3]actual CWTs exp'!$AC11>0.0005,'[3]actual CWTs exp'!E11/'[3]actual CWTs exp'!$AC11,IF('[3]actual CWTs exp'!E11/'[3]actual CWTs exp'!$AC11>0,"- "," ")) -> 0.0022883295 | F14: =IF('[3]actual CWTs exp'!F11/'[3]actual CWTs exp'!$AC11>0.0005,'[3]actual CWTs exp'!F11/'[3]actual CWTs exp'!$AC11,IF('[3]actual CWTs exp'!F11/'[3]actual CWTs exp'!$AC11>0,"- "," ")) | G14: =IF('[3]actual CWTs exp'!G11/'[3]actual CWTs exp'!$AC11>0.0005,'[3]actual CWTs exp'!G11/'[3]actual CWTs exp'!$AC11,IF('[3]actual CWTs exp'!G11/'[3]actual CWTs exp'!$AC11>0,"- "," ")) | H14: =IF('[3]actual CWTs exp'!H11/'[3]actual CWTs exp'!$AC11>0.0005,'[3]actual CWTs exp'!H11/'[3]actual CWTs exp'!$AC11,IF('[3]actual CWTs exp'!H11/'[3]actual CWTs exp'!$AC11>0,"- "," ")) -> 0.036613272 | I14: =IF('[3]actual CWTs exp'!I11/'[3]actual CWTs exp'!$AC11>0.0005,'[3]actual CWTs exp'!I11/'[3]actual CWTs exp'!$AC11,IF('[3]actual CWTs exp'!I11/'[3]actual CWTs exp'!$AC11>0,"- "," ")) | J14: =IF('[3]actual CWTs exp'!J11/'[3]actual CWTs exp'!$AC11>0.0005,'[3]actual CWTs exp'!J11/'[3]actual CWTs exp'!$AC11,IF('[3]actual CWTs exp'!J11/'[3]actual CWTs exp'!$AC11>0,"- "," ")) | K14: =IF('[3]actual CWTs exp'!K11/'[3]actual CWTs exp'!$AC11>0.0005,'[3]actual CWTs exp'!K11/'[3]actual CWTs exp'!$AC11,IF('[3]actual CWTs exp'!K11/'[3]actual CWTs exp'!$AC11>0,"- "," ")) | L14: =IF('[3]actual CWTs exp'!L11/'[3]actual CWTs exp'!$AC11>0.0005,'[3]actual CWTs exp'!L11/'[3]actual CWTs exp'!$AC11,IF('[3]actual CWTs exp'!L11/'[3]actual CWTs exp'!$AC11>0,"- "," ")) | ... Z14: =IF('[3]actual CWTs exp'!Z11/'[3]actual CWTs exp'!$AC11>0.0005,'[3]actual CWTs exp'!Z11/'[3]actual CWTs exp'!$AC11,IF('[3]actual CWTs exp'!Z11/'[3]actual CWTs exp'!$AC11>0,"- "," ")) | AA14: =SUM(E14:Z14) -> 0.87871854 | AB14: =1-AA14 -> 0.12128146 | AC14: ='[3]actual CWTs exp'!AC11 -> 437
A15: Total Hatchery Fall Run | E15: =IF('[3]actual CWTs exp'!E12/'[3]actual CWTs exp'!$AC12>0.0005,'[3]actual CWTs exp'!E12/'[3]actual CWTs exp'!$AC12,IF('[3]actual CWTs exp'!E12/'[3]actual CWTs exp'!$AC12>0,"- "," ")) -> 0.0025659552 | F15: =IF('[3]actual CWTs exp'!F12/'[3]actual CWTs exp'!$AC12>0.0005,'[3]actual CWTs exp'!F12/'[3]actual CWTs exp'!$AC12,IF('[3]actual CWTs exp'!F12/'[3]actual CWTs exp'!$AC12>0,"- "," ")) | G15: =IF('[3]actual CWTs exp'!G12/'[3]actual CWTs exp'!$AC12>0.0005,'[3]actual CWTs exp'!G12/'[3]actual CWTs exp'!$AC12,IF('[3]actual CWTs exp'!G12/'[3]actual CWTs exp'!$AC12>0,"- "," ")) -> 0.34073477 | H15: =IF('[3]actual CWTs exp'!H12/'[3]actual CWTs exp'!$AC12>0.0005,'[3]actual CWTs exp'!H12/'[3]actual CWTs exp'!$AC12,IF('[3]actual CWTs exp'!H12/'[3]actual CWTs exp'!$AC12>0,"- "," ")) -> 0.017155773 | I15: =IF('[3]actual CWTs exp'!I12/'[3]actual CWTs exp'!$AC12>0.0005,'[3]actual CWTs exp'!I12/'[3]actual CWTs exp'!$AC12,IF('[3]actual CWTs exp'!I12/'[3]actual CWTs exp'!$AC12>0,"- "," ")) -> - | J15: =IF('[3]actual CWTs exp'!J12/'[3]actual CWTs exp'!$AC12>0.0005,'[3]actual CWTs exp'!J12/'[3]actual CWTs exp'!$AC12,IF('[3]actual CWTs exp'!J12/'[3]actual CWTs exp'!$AC12>0,"- "," ")) -> 0.0098840225 | K15: =IF('[3]actual CWTs exp'!K12/'[3]actual CWTs exp'!$AC12>0.0005,'[3]actual CWTs exp'!K12/'[3]actual CWTs exp'!$AC12,IF('[3]actual CWTs exp'!K12/'[3]actual CWTs exp'!$AC12>0,"- "," ")) -> 0.012283237 | L15: =IF('[3]actual CWTs exp'!L12/'[3]actual CWTs exp'!$AC12>0.0005,'[3]actual CWTs exp'!L12/'[3]actual CWTs exp'!$AC12,IF('[3]actual CWTs exp'!L12/'[3]actual CWTs exp'!$AC12>0,"- "," ")) -> 0.0050114866 | ... Z15: =IF('[3]actual CWTs exp'!Z12/'[3]actual CWTs exp'!$AC12>0.0005,'[3]actual CWTs exp'!Z12/'[3]actual CWTs exp'!$AC12,IF('[3]actual CWTs exp'!Z12/'[3]actual CWTs exp'!$AC12>0,"- "," ")) | AA15: =IF('[3]actual CWTs exp'!AA12>0,'[3]actual CWTs exp'!AA12/'[3]actual CWTs exp'!$AC12," ") -> 0.88507855 | AB15: =IF('[3]actual CWTs exp'!AB12>0,'[3]actual CWTs exp'!AB12/'[3]actual CWTs exp'!$AC12," ") -> 0.11492145 | AC15: ='[3]actual CWTs exp'!AC12 -> 107952
A17: Natural Spawners | AC17: ='[3]actual CWTs exp'!AC13 -> 0
A18: Upper Sacramento River | B18: USAC | C18: 54 | D18: Late | E18: =IF('[3]actual CWTs exp'!E14/'[3]actual CWTs exp'!$AC14>0.0005,'[3]actual CWTs exp'!E14/'[3]actual CWTs exp'!$AC14,IF('[3]actual CWTs exp'!E14/'[3]actual CWTs exp'!$AC14>0,"- "," ")) -> 0.37154362 | F18: =IF('[3]actual CWTs exp'!F14/'[3]actual CWTs exp'!$AC14>0.0005,'[3]actual CWTs exp'!F14/'[3]actual CWTs exp'!$AC14,IF('[3]actual CWTs exp'!F14/'[3]actual CWTs exp'!$AC14>0,"- "," ")) -> 0.039731544 | G18: =IF('[3]actual CWTs exp'!G14/'[3]actual CWTs exp'!$AC14>0.0005,'[3]actual CWTs exp'!G14/'[3]actual CWTs exp'!$AC14,IF('[3]actual CWTs exp'!G14/'[3]actual CWTs exp'!$AC14>0,"- "," ")) | H18: =IF('[3]actual CWTs exp'!H14/'[3]actual CWTs exp'!$AC14>0.0005,'[3]actual CWTs exp'!H14/'[3]actual CWTs exp'!$AC14,IF('[3]actual CWTs exp'!H14/'[3]actual CWTs exp'!$AC14>0,"- "," ")) | I18: =IF('[3]actual CWTs exp'!I14/'[3]actual CWTs exp'!$AC14>0.0005,'[3]actual CWTs exp'!I14/'[3]actual CWTs exp'!$AC14,IF('[3]actual CWTs exp'!I14/'[3]actual CWTs exp'!$AC14>0,"- "," ")) | J18: =IF('[3]actual CWTs exp'!J14/'[3]actual CWTs exp'!$AC14>0.0005,'[3]actual CWTs exp'!J14/'[3]actual CWTs exp'!$AC14,IF('[3]actual CWTs exp'!J14/'[3]actual CWTs exp'!$AC14>0,"- "," ")) | K18: =IF('[3]actual CWTs exp'!K14/'[3]actual CWTs exp'!$AC14>0.0005,'[3]actual CWTs exp'!K14/'[3]actual CWTs exp'!$AC14,IF('[3]actual CWTs exp'!K14/'[3]actual CWTs exp'!$AC14>0,"- "," ")) | L18: =IF('[3]actual CWTs exp'!L14/'[3]actual CWTs exp'!$AC14>0.0005,'[3]actual CWTs exp'!L14/'[3]actual CWTs exp'!$AC14,IF('[3]actual CWTs exp'!L14/'[3]actual CWTs exp'!$AC14>0,"- "," ")) | ... Z18: =IF('[3]actual CWTs exp'!Z14/'[3]actual CWTs exp'!$AC14>0.0005,'[3]actual CWTs exp'!Z14/'[3]actual CWTs exp'!$AC14,IF('[3]actual CWTs exp'!Z14/'[3]actual CWTs exp'!$AC14>0,"- "," ")) | AA18: =SUM(E18:Z18) -> 0.44375839 | AB18: =1-AA18 -> 0.55624161 | AC18: ='[3]actual CWTs exp'!AC14 -> 3725
A19: Butte Creek | D19: Spring | E19: =IF('[3]actual CWTs exp'!E15/'[3]actual CWTs exp'!$AC15>0.0005,'[3]actual CWTs exp'!E15/'[3]actual CWTs exp'!$AC15,IF('[3]actual CWTs exp'!E15/'[3]actual CWTs exp'!$AC15>0,"- "," ")) | F19: =IF('[3]actual CWTs exp'!F15/'[3]actual CWTs exp'!$AC15>0.0005,'[3]actual CWTs exp'!F15/'[3]actual CWTs exp'!$AC15,IF('[3]actual CWTs exp'!F15/'[3]actual CWTs exp'!$AC15>0,"- "," ")) | G19: =IF('[3]actual CWTs exp'!G15/'[3]actual CWTs exp'!$AC15>0.0005,'[3]actual CWTs exp'!G15/'[3]actual CWTs exp'!$AC15,IF('[3]actual CWTs exp'!G15/'[3]actual CWTs exp'!$AC15>0,"- "," ")) | H19: =IF('[3]actual CWTs exp'!H15/'[3]actual CWTs exp'!$AC15>0.0005,'[3]actual CWTs exp'!H15/'[3]actual CWTs exp'!$AC15,IF('[3]actual CWTs exp'!H15/'[3]actual CWTs exp'!$AC15>0,"- "," ")) | I19: =IF('[3]actual CWTs exp'!I15/'[3]actual CWTs exp'!$AC15>0.0005,'[3]actual CWTs exp'!I15/'[3]actual CWTs exp'!$AC15,IF('[3]actual CWTs exp'!I15/'[3]actual CWTs exp'!$AC15>0,"- "," ")) | J19: =IF('[3]actual CWTs exp'!J15/'[3]actual CWTs exp'!$AC15>0.0005,'[3]actual CWTs exp'!J15/'[3]actual CWTs exp'!$AC15,IF('[3]actual CWTs exp'!J15/'[3]actual CWTs exp'!$AC15>0,"- "," ")) | K19: =IF('[3]actual CWTs exp'!K15/'[3]actual CWTs exp'!$AC15>0.0005,'[3]actual CWTs exp'!K15/'[3]actual CWTs exp'!$AC15,IF('[3]actual CWTs exp'!K15/'[3]actual CWTs exp'!$AC15>0,"- "," ")) | L19: =IF('[3]actual CWTs exp'!L15/'[3]actual CWTs exp'!$AC15>0.0005,'[3]actual CWTs exp'!L15/'[3]actual CWTs exp'!$AC15,IF('[3]actual CWTs exp'!L15/'[3]actual CWTs exp'!$AC15>0,"- "," ")) | ... Z19: =IF('[3]actual CWTs exp'!Z15/'[3]actual CWTs exp'!$AC15>0.0005,'[3]actual CWTs exp'!Z15/'[3]actual CWTs exp'!$AC15,IF('[3]actual CWTs exp'!Z15/'[3]actual CWTs exp'!$AC15>0,"- "," ")) | AA19: 1e-06 | AB19: 1 | AC19: ='[3]actual CWTs exp'!AC15 -> 4497
A20: Clear Creek | B20: CLR | C20: 54 | D20: Fall | E20: =IF('[3]actual CWTs exp'!E16/'[3]actual CWTs exp'!$AC16>0.0005,'[3]actual CWTs exp'!E16/'[3]actual CWTs exp'!$AC16,IF('[3]actual CWTs exp'!E16/'[3]actual CWTs exp'!$AC16>0,"- "," ")) | F20: =IF('[3]actual CWTs exp'!F16/'[3]actual CWTs exp'!$AC16>0.0005,'[3]actual CWTs exp'!F16/'[3]actual CWTs exp'!$AC16,IF('[3]actual CWTs exp'!F16/'[3]actual CWTs exp'!$AC16>0,"- "," ")) | G20: =IF('[3]actual CWTs exp'!G16/'[3]actual CWTs exp'!$AC16>0.0005,'[3]actual CWTs exp'!G16/'[3]actual CWTs exp'!$AC16,IF('[3]actual CWTs exp'!G16/'[3]actual CWTs exp'!$AC16>0,"- "," ")) -> 0.023135716 | H20: =IF('[3]actual CWTs exp'!H16/'[3]actual CWTs exp'!$AC16>0.0005,'[3]actual CWTs exp'!H16/'[3]actual CWTs exp'!$AC16,IF('[3]actual CWTs exp'!H16/'[3]actual CWTs exp'!$AC16>0,"- "," ")) | I20: =IF('[3]actual CWTs exp'!I16/'[3]actual CWTs exp'!$AC16>0.0005,'[3]actual CWTs exp'!I16/'[3]actual CWTs exp'!$AC16,IF('[3]actual CWTs exp'!I16/'[3]actual CWTs exp'!$AC16>0,"- "," ")) -> 0.00082627556 | J20: =IF('[3]actual CWTs exp'!J16/'[3]actual CWTs exp'!$AC16>0.0005,'[3]actual CWTs exp'!J16/'[3]actual CWTs exp'!$AC16,IF('[3]actual CWTs exp'!J16/'[3]actual CWTs exp'!$AC16>0,"- "," ")) | K20: =IF('[3]actual CWTs exp'!K16/'[3]actual CWTs exp'!$AC16>0.0005,'[3]actual CWTs exp'!K16/'[3]actual CWTs exp'!$AC16,IF('[3]actual CWTs exp'!K16/'[3]actual CWTs exp'!$AC16>0,"- "," ")) -> 0.0045445156 | L20: =IF('[3]actual CWTs exp'!L16/'[3]actual CWTs exp'!$AC16>0.0005,'[3]actual CWTs exp'!L16/'[3]actual CWTs exp'!$AC16,IF('[3]actual CWTs exp'!L16/'[3]actual CWTs exp'!$AC16>0,"- "," ")) -> 0.00082627556 | ... Z20: =IF('[3]actual CWTs exp'!Z16/'[3]actual CWTs exp'!$AC16>0.0005,'[3]actual CWTs exp'!Z16/'[3]actual CWTs exp'!$AC16,IF('[3]actual CWTs exp'!Z16/'[3]actual CWTs exp'!$AC16>0,"- "," ")) | AA20: =SUM(E20:Z20) -> 0.081181574 | AB20: =1-AA20 -> 0.91881843 | AC20: ='[3]actual CWTs exp'!AC16 -> 4841
A21: Cottonwood Creekᶜ | B21: COT | C21: 54 | D21: Fall | E21: =IF('[3]actual CWTs exp'!E17/'[3]actual CWTs exp'!$AC17>0.0005,'[3]actual CWTs exp'!E17/'[3]actual CWTs exp'!$AC17,IF('[3]actual CWTs exp'!E17/'[3]actual CWTs exp'!$AC17>0,"- "," ")) | F21: =IF('[3]actual CWTs exp'!F17/'[3]actual CWTs exp'!$AC17>0.0005,'[3]actual CWTs exp'!F17/'[3]actual CWTs exp'!$AC17,IF('[3]actual CWTs exp'!F17/'[3]actual CWTs exp'!$AC17>0,"- "," ")) | G21: =IF('[3]actual CWTs exp'!G17/'[3]actual CWTs exp'!$AC17>0.0005,'[3]actual CWTs exp'!G17/'[3]actual CWTs exp'!$AC17,IF('[3]actual CWTs exp'!G17/'[3]actual CWTs exp'!$AC17>0,"- "," ")) -> 0.070895522 | H21: =IF('[3]actual CWTs exp'!H17/'[3]actual CWTs exp'!$AC17>0.0005,'[3]actual CWTs exp'!H17/'[3]actual CWTs exp'!$AC17,IF('[3]actual CWTs exp'!H17/'[3]actual CWTs exp'!$AC17>0,"- "," ")) -> 0.01119403 | I21: =IF('[3]actual CWTs exp'!I17/'[3]actual CWTs exp'!$AC17>0.0005,'[3]actual CWTs exp'!I17/'[3]actual CWTs exp'!$AC17,IF('[3]actual CWTs exp'!I17/'[3]actual CWTs exp'!$AC17>0,"- "," ")) | J21: =IF('[3]actual CWTs exp'!J17/'[3]actual CWTs exp'!$AC17>0.0005,'[3]actual CWTs exp'!J17/'[3]actual CWTs exp'!$AC17,IF('[3]actual CWTs exp'!J17/'[3]actual CWTs exp'!$AC17>0,"- "," ")) | K21: =IF('[3]actual CWTs exp'!K17/'[3]actual CWTs exp'!$AC17>0.0005,'[3]actual CWTs exp'!K17/'[3]actual CWTs exp'!$AC17,IF('[3]actual CWTs exp'!K17/'[3]actual CWTs exp'!$AC17>0,"- "," ")) | L21: =IF('[3]actual CWTs exp'!L17/'[3]actual CWTs exp'!$AC17>0.0005,'[3]actual CWTs exp'!L17/'[3]actual CWTs exp'!$AC17,IF('[3]actual CWTs exp'!L17/'[3]actual CWTs exp'!$AC17>0,"- "," ")) | ... Z21: =IF('[3]actual CWTs exp'!Z17/'[3]actual CWTs exp'!$AC17>0.0005,'[3]actual CWTs exp'!Z17/'[3]actual CWTs exp'!$AC17,IF('[3]actual CWTs exp'!Z17/'[3]actual CWTs exp'!$AC17>0,"- "," ")) | AA21: =SUM(E21:Z21) -> 0.095615672 | AB21: =1-AA21 -> 0.90438433 | AC21: ='[3]actual CWTs exp'!AC17 -> 2144
A22: Mill Creekᶜ | B22: MLC | C22: 54 | D22: Fall | E22: =IF('[3]actual CWTs exp'!E18/'[3]actual CWTs exp'!$AC18>0.0005,'[3]actual CWTs exp'!E18/'[3]actual CWTs exp'!$AC18,IF('[3]actual CWTs exp'!E18/'[3]actual CWTs exp'!$AC18>0,"- "," ")) | F22: =IF('[3]actual CWTs exp'!F18/'[3]actual CWTs exp'!$AC18>0.0005,'[3]actual CWTs exp'!F18/'[3]actual CWTs exp'!$AC18,IF('[3]actual CWTs exp'!F18/'[3]actual CWTs exp'!$AC18>0,"- "," ")) | G22: =IF('[3]actual CWTs exp'!G18/'[3]actual CWTs exp'!$AC18>0.0005,'[3]actual CWTs exp'!G18/'[3]actual CWTs exp'!$AC18,IF('[3]actual CWTs exp'!G18/'[3]actual CWTs exp'!$AC18>0,"- "," ")) -> 0.061952862 | H22: =IF('[3]actual CWTs exp'!H18/'[3]actual CWTs exp'!$AC18>0.0005,'[3]actual CWTs exp'!H18/'[3]actual CWTs exp'!$AC18,IF('[3]actual CWTs exp'!H18/'[3]actual CWTs exp'!$AC18>0,"- "," ")) -> 0.0080808081 | I22: =IF('[3]actual CWTs exp'!I18/'[3]actual CWTs exp'!$AC18>0.0005,'[3]actual CWTs exp'!I18/'[3]actual CWTs exp'!$AC18,IF('[3]actual CWTs exp'!I18/'[3]actual CWTs exp'!$AC18>0,"- "," ")) | J22: =IF('[3]actual CWTs exp'!J18/'[3]actual CWTs exp'!$AC18>0.0005,'[3]actual CWTs exp'!J18/'[3]actual CWTs exp'!$AC18,IF('[3]actual CWTs exp'!J18/'[3]actual CWTs exp'!$AC18>0,"- "," ")) | K22: =IF('[3]actual CWTs exp'!K18/'[3]actual CWTs exp'!$AC18>0.0005,'[3]actual CWTs exp'!K18/'[3]actual CWTs exp'!$AC18,IF('[3]actual CWTs exp'!K18/'[3]actual CWTs exp'!$AC18>0,"- "," ")) | L22: =IF('[3]actual CWTs exp'!L18/'[3]actual CWTs exp'!$AC18>0.0005,'[3]actual CWTs exp'!L18/'[3]actual CWTs exp'!$AC18,IF('[3]actual CWTs exp'!L18/'[3]actual CWTs exp'!$AC18>0,"- "," ")) | ... Z22: =IF('[3]actual CWTs exp'!Z18/'[3]actual CWTs exp'!$AC18>0.0005,'[3]actual CWTs exp'!Z18/'[3]actual CWTs exp'!$AC18,IF('[3]actual CWTs exp'!Z18/'[3]actual CWTs exp'!$AC18>0,"- "," ")) | AA22: =SUM(E22:Z22) -> 0.073400673 | AB22: =1-AA22 -> 0.92659933 | AC22: ='[3]actual CWTs exp'!AC18 -> 1485
A23: Battle Creekᵈ | D23: Fall | E23: =IF('[3]actual CWTs exp'!E19/'[3]actual CWTs exp'!$AC19>0.0005,'[3]actual CWTs exp'!E19/'[3]actual CWTs exp'!$AC19,IF('[3]actual CWTs exp'!E19/'[3]actual CWTs exp'!$AC19>0,"- "," ")) -> 0.0064889099 | F23: =IF('[3]actual CWTs exp'!F19/'[3]actual CWTs exp'!$AC19>0.0005,'[3]actual CWTs exp'!F19/'[3]actual CWTs exp'!$AC19,IF('[3]actual CWTs exp'!F19/'[3]actual CWTs exp'!$AC19>0,"- "," ")) | G23: =IF('[3]actual CWTs exp'!G19/'[3]actual CWTs exp'!$AC19>0.0005,'[3]actual CWTs exp'!G19/'[3]actual CWTs exp'!$AC19,IF('[3]actual CWTs exp'!G19/'[3]actual CWTs exp'!$AC19>0,"- "," ")) -> 0.86774422 | H23: =IF('[3]actual CWTs exp'!H19/'[3]actual CWTs exp'!$AC19>0.0005,'[3]actual CWTs exp'!H19/'[3]actual CWTs exp'!$AC19,IF('[3]actual CWTs exp'!H19/'[3]actual CWTs exp'!$AC19>0,"- "," ")) -> 0.0052147239 | I23: =IF('[3]actual CWTs exp'!I19/'[3]actual CWTs exp'!$AC19>0.0005,'[3]actual CWTs exp'!I19/'[3]actual CWTs exp'!$AC19,IF('[3]actual CWTs exp'!I19/'[3]actual CWTs exp'!$AC19>0,"- "," ")) -> - | J23: =IF('[3]actual CWTs exp'!J19/'[3]actual CWTs exp'!$AC19>0.0005,'[3]actual CWTs exp'!J19/'[3]actual CWTs exp'!$AC19,IF('[3]actual CWTs exp'!J19/'[3]actual CWTs exp'!$AC19>0,"- "," ")) | K23: =IF('[3]actual CWTs exp'!K19/'[3]actual CWTs exp'!$AC19>0.0005,'[3]actual CWTs exp'!K19/'[3]actual CWTs exp'!$AC19,IF('[3]actual CWTs exp'!K19/'[3]actual CWTs exp'!$AC19>0,"- "," ")) | L23: =IF('[3]actual CWTs exp'!L19/'[3]actual CWTs exp'!$AC19>0.0005,'[3]actual CWTs exp'!L19/'[3]actual CWTs exp'!$AC19,IF('[3]actual CWTs exp'!L19/'[3]actual CWTs exp'!$AC19>0,"- "," ")) -> - | ... Z23: =IF('[3]actual CWTs exp'!Z19/'[3]actual CWTs exp'!$AC19>0.0005,'[3]actual CWTs exp'!Z19/'[3]actual CWTs exp'!$AC19,IF('[3]actual CWTs exp'!Z19/'[3]actual CWTs exp'!$AC19>0,"- "," ")) | AA23: =SUM(E23:Z23) -> 0.88560642 | AB23: =1-AA23 -> 0.11439358 | AC23: ='[3]actual CWTs exp'!AC19 -> 12867
A24: Butte Creek | B24: BUTT | C24: 54 | D24: Fall | E24: =IF('[3]actual CWTs exp'!E20/'[3]actual CWTs exp'!$AC20>0.0005,'[3]actual CWTs exp'!E20/'[3]actual CWTs exp'!$AC20,IF('[3]actual CWTs exp'!E20/'[3]actual CWTs exp'!$AC20>0,"- "," ")) | F24: =IF('[3]actual CWTs exp'!F20/'[3]actual CWTs exp'!$AC20>0.0005,'[3]actual CWTs exp'!F20/'[3]actual CWTs exp'!$AC20,IF('[3]actual CWTs exp'!F20/'[3]actual CWTs exp'!$AC20>0,"- "," ")) | G24: =IF('[3]actual CWTs exp'!G20/'[3]actual CWTs exp'!$AC20>0.0005,'[3]actual CWTs exp'!G20/'[3]actual CWTs exp'!$AC20,IF('[3]actual CWTs exp'!G20/'[3]actual CWTs exp'!$AC20>0,"- "," ")) | H24: =IF('[3]actual CWTs exp'!H20/'[3]actual CWTs exp'!$AC20>0.0005,'[3]actual CWTs exp'!H20/'[3]actual CWTs exp'!$AC20,IF('[3]actual CWTs exp'!H20/'[3]actual CWTs exp'!$AC20>0,"- "," ")) -> 0.040572792 | I24: =IF('[3]actual CWTs exp'!I20/'[3]actual CWTs exp'!$AC20>0.0005,'[3]actual CWTs exp'!I20/'[3]actual CWTs exp'!$AC20,IF('[3]actual CWTs exp'!I20/'[3]actual CWTs exp'!$AC20>0,"- "," ")) | J24: =IF('[3]actual CWTs exp'!J20/'[3]actual CWTs exp'!$AC20>0.0005,'[3]actual CWTs exp'!J20/'[3]actual CWTs exp'!$AC20,IF('[3]actual CWTs exp'!J20/'[3]actual CWTs exp'!$AC20>0,"- "," ")) | K24: =IF('[3]actual CWTs exp'!K20/'[3]actual CWTs exp'!$AC20>0.0005,'[3]actual CWTs exp'!K20/'[3]actual CWTs exp'!$AC20,IF('[3]actual CWTs exp'!K20/'[3]actual CWTs exp'!$AC20>0,"- "," ")) | L24: =IF('[3]actual CWTs exp'!L20/'[3]actual CWTs exp'!$AC20>0.0005,'[3]actual CWTs exp'!L20/'[3]actual CWTs exp'!$AC20,IF('[3]actual CWTs exp'!L20/'[3]actual CWTs exp'!$AC20>0,"- "," ")) | ... Z24: =IF('[3]actual CWTs exp'!Z20/'[3]actual CWTs exp'!$AC20>0.0005,'[3]actual CWTs exp'!Z20/'[3]actual CWTs exp'!$AC20,IF('[3]actual CWTs exp'!Z20/'[3]actual CWTs exp'!$AC20>0,"- "," ")) | AA24: =SUM(E24:Z24) -> 0.066825776 | AB24: =1-AA24 -> 0.93317422 | AC24: ='[3]actual CWTs exp'!AC20 -> 419
A25: Upper Sac River | B25: USAC | C25: 54 | D25: Fall | E25: =IF('[3]actual CWTs exp'!E21/'[3]actual CWTs exp'!$AC21>0.0005,'[3]actual CWTs exp'!E21/'[3]actual CWTs exp'!$AC21,IF('[3]actual CWTs exp'!E21/'[3]actual CWTs exp'!$AC21>0,"- "," ")) | F25: =IF('[3]actual CWTs exp'!F21/'[3]actual CWTs exp'!$AC21>0.0005,'[3]actual CWTs exp'!F21/'[3]actual CWTs exp'!$AC21,IF('[3]actual CWTs exp'!F21/'[3]actual CWTs exp'!$AC21>0,"- "," ")) | G25: =IF('[3]actual CWTs exp'!G21/'[3]actual CWTs exp'!$AC21>0.0005,'[3]actual CWTs exp'!G21/'[3]actual CWTs exp'!$AC21,IF('[3]actual CWTs exp'!G21/'[3]actual CWTs exp'!$AC21>0,"- "," ")) -> 0.12387792 | H25: =IF('[3]actual CWTs exp'!H21/'[3]actual CWTs exp'!$AC21>0.0005,'[3]actual CWTs exp'!H21/'[3]actual CWTs exp'!$AC21,IF('[3]actual CWTs exp'!H21/'[3]actual CWTs exp'!$AC21>0,"- "," ")) -> 0.012378343 | I25: =IF('[3]actual CWTs exp'!I21/'[3]actual CWTs exp'!$AC21>0.0005,'[3]actual CWTs exp'!I21/'[3]actual CWTs exp'!$AC21,IF('[3]actual CWTs exp'!I21/'[3]actual CWTs exp'!$AC21>0,"- "," ")) -> 0.0023622791 | J25: =IF('[3]actual CWTs exp'!J21/'[3]actual CWTs exp'!$AC21>0.0005,'[3]actual CWTs exp'!J21/'[3]actual CWTs exp'!$AC21,IF('[3]actual CWTs exp'!J21/'[3]actual CWTs exp'!$AC21>0,"- "," ")) | K25: =IF('[3]actual CWTs exp'!K21/'[3]actual CWTs exp'!$AC21>0.0005,'[3]actual CWTs exp'!K21/'[3]actual CWTs exp'!$AC21,IF('[3]actual CWTs exp'!K21/'[3]actual CWTs exp'!$AC21>0,"- "," ")) -> 0.0034961731 | L25: =IF('[3]actual CWTs exp'!L21/'[3]actual CWTs exp'!$AC21>0.0005,'[3]actual CWTs exp'!L21/'[3]actual CWTs exp'!$AC21,IF('[3]actual CWTs exp'!L21/'[3]actual CWTs exp'!$AC21>0,"- "," ")) -> 0.0035906643 | ... Z25: =IF('[3]actual CWTs exp'!Z21/'[3]actual CWTs exp'!$AC21>0.0005,'[3]actual CWTs exp'!Z21/'[3]actual CWTs exp'!$AC21,IF('[3]actual CWTs exp'!Z21/'[3]actual CWTs exp'!$AC21>0,"- "," ")) | AA25: =SUM(E25:Z25) -> 0.26911084 | AB25: =1-AA25 -> 0.73088916 | AC25: ='[3]actual CWTs exp'!AC21 -> 10583
A26: Feather River | B26: FEA | C26: 54 | D26: Fall | E26: =IF('[3]actual CWTs exp'!E22/'[3]actual CWTs exp'!$AC22>0.0005,'[3]actual CWTs exp'!E22/'[3]actual CWTs exp'!$AC22,IF('[3]actual CWTs exp'!E22/'[3]actual CWTs exp'!$AC22>0,"- "," ")) | F26: =IF('[3]actual CWTs exp'!F22/'[3]actual CWTs exp'!$AC22>0.0005,'[3]actual CWTs exp'!F22/'[3]actual CWTs exp'!$AC22,IF('[3]actual CWTs exp'!F22/'[3]actual CWTs exp'!$AC22>0,"- "," ")) | G26: =IF('[3]actual CWTs exp'!G22/'[3]actual CWTs exp'!$AC22>0.0005,'[3]actual CWTs exp'!G22/'[3]actual CWTs exp'!$AC22,IF('[3]actual CWTs exp'!G22/'[3]actual CWTs exp'!$AC22>0,"- "," ")) | H26: =IF('[3]actual CWTs exp'!H22/'[3]actual CWTs exp'!$AC22>0.0005,'[3]actual CWTs exp'!H22/'[3]actual CWTs exp'!$AC22,IF('[3]actual CWTs exp'!H22/'[3]actual CWTs exp'!$AC22>0,"- "," ")) -> 0.031444945 | I26: =IF('[3]actual CWTs exp'!I22/'[3]actual CWTs exp'!$AC22>0.0005,'[3]actual CWTs exp'!I22/'[3]actual CWTs exp'!$AC22,IF('[3]actual CWTs exp'!I22/'[3]actual CWTs exp'!$AC22>0,"- "," ")) | J26: =IF('[3]actual CWTs exp'!J22/'[3]actual CWTs exp'!$AC22>0.0005,'[3]actual CWTs exp'!J22/'[3]actual CWTs exp'!$AC22,IF('[3]actual CWTs exp'!J22/'[3]actual CWTs exp'!$AC22>0,"- "," ")) -> 0.041616444 | K26: =IF('[3]actual CWTs exp'!K22/'[3]actual CWTs exp'!$AC22>0.0005,'[3]actual CWTs exp'!K22/'[3]actual CWTs exp'!$AC22,IF('[3]actual CWTs exp'!K22/'[3]actual CWTs exp'!$AC22>0,"- "," ")) -> 0.042504599 | L26: =IF('[3]actual CWTs exp'!L22/'[3]actual CWTs exp'!$AC22>0.0005,'[3]actual CWTs exp'!L22/'[3]actual CWTs exp'!$AC22,IF('[3]actual CWTs exp'!L22/'[3]actual CWTs exp'!$AC22>0,"- "," ")) -> 0.018186047 | ... Z26: =IF('[3]actual CWTs exp'!Z22/'[3]actual CWTs exp'!$AC22>0.0005,'[3]actual CWTs exp'!Z22/'[3]actual CWTs exp'!$AC22,IF('[3]actual CWTs exp'!Z22/'[3]actual CWTs exp'!$AC22>0,"- "," ")) | AA26: =SUM(E26:Z26) -> 0.8952822 | AB26: =1-AA26 -> 0.1047178 | AC26: ='[3]actual CWTs exp'!AC22 -> 47289
A27: Yuba River - Above DPD | B27: YUBA | C27: 54 | D27: Fall | E27: =IF('[3]actual CWTs exp'!E23/'[3]actual CWTs exp'!$AC23>0.0005,'[3]actual CWTs exp'!E23/'[3]actual CWTs exp'!$AC23,IF('[3]actual CWTs exp'!E23/'[3]actual CWTs exp'!$AC23>0,"- "," ")) | F27: =IF('[3]actual CWTs exp'!F23/'[3]actual CWTs exp'!$AC23>0.0005,'[3]actual CWTs exp'!F23/'[3]actual CWTs exp'!$AC23,IF('[3]actual CWTs exp'!F23/'[3]actual CWTs exp'!$AC23>0,"- "," ")) | G27: =IF('[3]actual CWTs exp'!G23/'[3]actual CWTs exp'!$AC23>0.0005,'[3]actual CWTs exp'!G23/'[3]actual CWTs exp'!$AC23,IF('[3]actual CWTs exp'!G23/'[3]actual CWTs exp'!$AC23>0,"- "," ")) | H27: =IF('[3]actual CWTs exp'!H23/'[3]actual CWTs exp'!$AC23>0.0005,'[3]actual CWTs exp'!H23/'[3]actual CWTs exp'!$AC23,IF('[3]actual CWTs exp'!H23/'[3]actual CWTs exp'!$AC23>0,"- "," ")) -> 0.088696103 | I27: =IF('[3]actual CWTs exp'!I23/'[3]actual CWTs exp'!$AC23>0.0005,'[3]actual CWTs exp'!I23/'[3]actual CWTs exp'!$AC23,IF('[3]actual CWTs exp'!I23/'[3]actual CWTs exp'!$AC23>0,"- "," ")) | J27: =IF('[3]actual CWTs exp'!J23/'[3]actual CWTs exp'!$AC23>0.0005,'[3]actual CWTs exp'!J23/'[3]actual CWTs exp'!$AC23,IF('[3]actual CWTs exp'!J23/'[3]actual CWTs exp'!$AC23>0,"- "," ")) -> 0.0042729509 | K27: =IF('[3]actual CWTs exp'!K23/'[3]actual CWTs exp'!$AC23>0.0005,'[3]actual CWTs exp'!K23/'[3]actual CWTs exp'!$AC23,IF('[3]actual CWTs exp'!K23/'[3]actual CWTs exp'!$AC23>0,"- "," ")) -> 0.017221287 | L27: =IF('[3]actual CWTs exp'!L23/'[3]actual CWTs exp'!$AC23>0.0005,'[3]actual CWTs exp'!L23/'[3]actual CWTs exp'!$AC23,IF('[3]actual CWTs exp'!L23/'[3]actual CWTs exp'!$AC23>0,"- "," ")) -> 0.01307782 | ... Z27: =IF('[3]actual CWTs exp'!Z23/'[3]actual CWTs exp'!$AC23>0.0005,'[3]actual CWTs exp'!Z23/'[3]actual CWTs exp'!$AC23,IF('[3]actual CWTs exp'!Z23/'[3]actual CWTs exp'!$AC23>0,"- "," ")) | AA27: =SUM(E27:Z27) -> 0.64508611 | AB27: =1-AA27 -> 0.35491389 | AC27: ='[3]actual CWTs exp'!AC23 -> 7723
A28: Yuba River - Below DPD | B28: YUBB | C28: 54 | D28: Fall | E28: =IF('[3]actual CWTs exp'!E24/'[3]actual CWTs exp'!$AC24>0.0005,'[3]actual CWTs exp'!E24/'[3]actual CWTs exp'!$AC24,IF('[3]actual CWTs exp'!E24/'[3]actual CWTs exp'!$AC24>0,"- "," ")) | F28: =IF('[3]actual CWTs exp'!F24/'[3]actual CWTs exp'!$AC24>0.0005,'[3]actual CWTs exp'!F24/'[3]actual CWTs exp'!$AC24,IF('[3]actual CWTs exp'!F24/'[3]actual CWTs exp'!$AC24>0,"- "," ")) | G28: =IF('[3]actual CWTs exp'!G24/'[3]actual CWTs exp'!$AC24>0.0005,'[3]actual CWTs exp'!G24/'[3]actual CWTs exp'!$AC24,IF('[3]actual CWTs exp'!G24/'[3]actual CWTs exp'!$AC24>0,"- "," ")) | H28: =IF('[3]actual CWTs exp'!H24/'[3]actual CWTs exp'!$AC24>0.0005,'[3]actual CWTs exp'!H24/'[3]actual CWTs exp'!$AC24,IF('[3]actual CWTs exp'!H24/'[3]actual CWTs exp'!$AC24>0,"- "," ")) -> 0.057939914 | I28: =IF('[3]actual CWTs exp'!I24/'[3]actual CWTs exp'!$AC24>0.0005,'[3]actual CWTs exp'!I24/'[3]actual CWTs exp'!$AC24,IF('[3]actual CWTs exp'!I24/'[3]actual CWTs exp'!$AC24>0,"- "," ")) | J28: =IF('[3]actual CWTs exp'!J24/'[3]actual CWTs exp'!$AC24>0.0005,'[3]actual CWTs exp'!J24/'[3]actual CWTs exp'!$AC24,IF('[3]actual CWTs exp'!J24/'[3]actual CWTs exp'!$AC24>0,"- "," ")) -> 0.0050071531 | K28: =IF('[3]actual CWTs exp'!K24/'[3]actual CWTs exp'!$AC24>0.0005,'[3]actual CWTs exp'!K24/'[3]actual CWTs exp'!$AC24,IF('[3]actual CWTs exp'!K24/'[3]actual CWTs exp'!$AC24>0,"- "," ")) -> 0.010014306 | L28: =IF('[3]actual CWTs exp'!L24/'[3]actual CWTs exp'!$AC24>0.0005,'[3]actual CWTs exp'!L24/'[3]actual CWTs exp'!$AC24,IF('[3]actual CWTs exp'!L24/'[3]actual CWTs exp'!$AC24>0,"- "," ")) -> 0.0050071531 | ... Z28: =IF('[3]actual CWTs exp'!Z24/'[3]actual CWTs exp'!$AC24>0.0005,'[3]actual CWTs exp'!Z24/'[3]actual CWTs exp'!$AC24,IF('[3]actual CWTs exp'!Z24/'[3]actual CWTs exp'!$AC24>0,"- "," ")) | AA28: =SUM(E28:Z28) -> 0.33905579 | AB28: =1-AA28 -> 0.66094421 | AC28: ='[3]actual CWTs exp'!AC24 -> 1398
A29: American River | B29: AMN | C29: 54 | D29: Fall | E29: =IF('[3]actual CWTs exp'!E25/'[3]actual CWTs exp'!$AC25>0.0005,'[3]actual CWTs exp'!E25/'[3]actual CWTs exp'!$AC25,IF('[3]actual CWTs exp'!E25/'[3]actual CWTs exp'!$AC25>0,"- "," ")) | F29: =IF('[3]actual CWTs exp'!F25/'[3]actual CWTs exp'!$AC25>0.0005,'[3]actual CWTs exp'!F25/'[3]actual CWTs exp'!$AC25,IF('[3]actual CWTs exp'!F25/'[3]actual CWTs exp'!$AC25>0,"- "," ")) | G29: =IF('[3]actual CWTs exp'!G25/'[3]actual CWTs exp'!$AC25>0.0005,'[3]actual CWTs exp'!G25/'[3]actual CWTs exp'!$AC25,IF('[3]actual CWTs exp'!G25/'[3]actual CWTs exp'!$AC25>0,"- "," ")) | H29: =IF('[3]actual CWTs exp'!H25/'[3]actual CWTs exp'!$AC25>0.0005,'[3]actual CWTs exp'!H25/'[3]actual CWTs exp'!$AC25,IF('[3]actual CWTs exp'!H25/'[3]actual CWTs exp'!$AC25>0,"- "," ")) -> 0.11482176 | I29: =IF('[3]actual CWTs exp'!I25/'[3]actual CWTs exp'!$AC25>0.0005,'[3]actual CWTs exp'!I25/'[3]actual CWTs exp'!$AC25,IF('[3]actual CWTs exp'!I25/'[3]actual CWTs exp'!$AC25>0,"- "," ")) | J29: =IF('[3]actual CWTs exp'!J25/'[3]actual CWTs exp'!$AC25>0.0005,'[3]actual CWTs exp'!J25/'[3]actual CWTs exp'!$AC25,IF('[3]actual CWTs exp'!J25/'[3]actual CWTs exp'!$AC25>0,"- "," ")) | K29: =IF('[3]actual CWTs exp'!K25/'[3]actual CWTs exp'!$AC25>0.0005,'[3]actual CWTs exp'!K25/'[3]actual CWTs exp'!$AC25,IF('[3]actual CWTs exp'!K25/'[3]actual CWTs exp'!$AC25>0,"- "," ")) | L29: =IF('[3]actual CWTs exp'!L25/'[3]actual CWTs exp'!$AC25>0.0005,'[3]actual CWTs exp'!L25/'[3]actual CWTs exp'!$AC25,IF('[3]actual CWTs exp'!L25/'[3]actual CWTs exp'!$AC25>0,"- "," ")) -> - | ... Z29: =IF('[3]actual CWTs exp'!Z25/'[3]actual CWTs exp'!$AC25>0.0005,'[3]actual CWTs exp'!Z25/'[3]actual CWTs exp'!$AC25,IF('[3]actual CWTs exp'!Z25/'[3]actual CWTs exp'!$AC25>0,"- "," ")) -> 0.0010787992 | AA29: =SUM(E29:Z29) -> 0.6641651 | AB29: =1-AA29 -> 0.3358349 | AC29: ='[3]actual CWTs exp'!AC25 -> 21320
A30: Mokelumne River | B30: MOKE | C30: 54 | D30: Fall | E30: =IF('[3]actual CWTs exp'!E26/'[3]actual CWTs exp'!$AC26>0.0005,'[3]actual CWTs exp'!E26/'[3]actual CWTs exp'!$AC26,IF('[3]actual CWTs exp'!E26/'[3]actual CWTs exp'!$AC26>0,"- "," ")) | F30: =IF('[3]actual CWTs exp'!F26/'[3]actual CWTs exp'!$AC26>0.0005,'[3]actual CWTs exp'!F26/'[3]actual CWTs exp'!$AC26,IF('[3]actual CWTs exp'!F26/'[3]actual CWTs exp'!$AC26>0,"- "," ")) | G30: =IF('[3]actual CWTs exp'!G26/'[3]actual CWTs exp'!$AC26>0.0005,'[3]actual CWTs exp'!G26/'[3]actual CWTs exp'!$AC26,IF('[3]actual CWTs exp'!G26/'[3]actual CWTs exp'!$AC26>0,"- "," ")) | H30: =IF('[3]actual CWTs exp'!H26/'[3]actual CWTs exp'!$AC26>0.0005,'[3]actual CWTs exp'!H26/'[3]actual CWTs exp'!$AC26,IF('[3]actual CWTs exp'!H26/'[3]actual CWTs exp'!$AC26>0,"- "," ")) -> 0.02556391 | I30: =IF('[3]actual CWTs exp'!I26/'[3]actual CWTs exp'!$AC26>0.0005,'[3]actual CWTs exp'!I26/'[3]actual CWTs exp'!$AC26,IF('[3]actual CWTs exp'!I26/'[3]actual CWTs exp'!$AC26>0,"- "," ")) | J30: =IF('[3]actual CWTs exp'!J26/'[3]actual CWTs exp'!$AC26>0.0005,'[3]actual CWTs exp'!J26/'[3]actual CWTs exp'!$AC26,IF('[3]actual CWTs exp'!J26/'[3]actual CWTs exp'!$AC26>0,"- "," ")) | K30: =IF('[3]actual CWTs exp'!K26/'[3]actual CWTs exp'!$AC26>0.0005,'[3]actual CWTs exp'!K26/'[3]actual CWTs exp'!$AC26,IF('[3]actual CWTs exp'!K26/'[3]actual CWTs exp'!$AC26>0,"- "," ")) -> 0.0007518797 | L30: =IF('[3]actual CWTs exp'!L26/'[3]actual CWTs exp'!$AC26>0.0005,'[3]actual CWTs exp'!L26/'[3]actual CWTs exp'!$AC26,IF('[3]actual CWTs exp'!L26/'[3]actual CWTs exp'!$AC26>0,"- "," ")) -> - | ... Z30: =IF('[3]actual CWTs exp'!Z26/'[3]actual CWTs exp'!$AC26>0.0005,'[3]actual CWTs exp'!Z26/'[3]actual CWTs exp'!$AC26,IF('[3]actual CWTs exp'!Z26/'[3]actual CWTs exp'!$AC26>0,"- "," ")) | AA30: =SUM(E30:Z30) -> 0.87969925 | AB30: =1-AA30 -> 0.12030075 | AC30: ='[3]actual CWTs exp'!AC26 -> 2660
A31: Calaveras Riverᶜ | B31: STA | C31: 54 | D31: Fall | E31: =IF('[3]actual CWTs exp'!E27/'[3]actual CWTs exp'!$AC27>0.0005,'[3]actual CWTs exp'!E27/'[3]actual CWTs exp'!$AC27,IF('[3]actual CWTs exp'!E27/'[3]actual CWTs exp'!$AC27>0,"- "," ")) | F31: =IF('[3]actual CWTs exp'!F27/'[3]actual CWTs exp'!$AC27>0.0005,'[3]actual CWTs exp'!F27/'[3]actual CWTs exp'!$AC27,IF('[3]actual CWTs exp'!F27/'[3]actual CWTs exp'!$AC27>0,"- "," ")) | G31: =IF('[3]actual CWTs exp'!G27/'[3]actual CWTs exp'!$AC27>0.0005,'[3]actual CWTs exp'!G27/'[3]actual CWTs exp'!$AC27,IF('[3]actual CWTs exp'!G27/'[3]actual CWTs exp'!$AC27>0,"- "," ")) | H31: =IF('[3]actual CWTs exp'!H27/'[3]actual CWTs exp'!$AC27>0.0005,'[3]actual CWTs exp'!H27/'[3]actual CWTs exp'!$AC27,IF('[3]actual CWTs exp'!H27/'[3]actual CWTs exp'!$AC27>0,"- "," ")) -> 0.0086021505 | I31: =IF('[3]actual CWTs exp'!I27/'[3]actual CWTs exp'!$AC27>0.0005,'[3]actual CWTs exp'!I27/'[3]actual CWTs exp'!$AC27,IF('[3]actual CWTs exp'!I27/'[3]actual CWTs exp'!$AC27>0,"- "," ")) | J31: =IF('[3]actual CWTs exp'!J27/'[3]actual CWTs exp'!$AC27>0.0005,'[3]actual CWTs exp'!J27/'[3]actual CWTs exp'!$AC27,IF('[3]actual CWTs exp'!J27/'[3]actual CWTs exp'!$AC27>0,"- "," ")) | K31: =IF('[3]actual CWTs exp'!K27/'[3]actual CWTs exp'!$AC27>0.0005,'[3]actual CWTs exp'!K27/'[3]actual CWTs exp'!$AC27,IF('[3]actual CWTs exp'!K27/'[3]actual CWTs exp'!$AC27>0,"- "," ")) | L31: =IF('[3]actual CWTs exp'!L27/'[3]actual CWTs exp'!$AC27>0.0005,'[3]actual CWTs exp'!L27/'[3]actual CWTs exp'!$AC27,IF('[3]actual CWTs exp'!L27/'[3]actual CWTs exp'!$AC27>0,"- "," ")) | ... Z31: =IF('[3]actual CWTs exp'!Z27/'[3]actual CWTs exp'!$AC27>0.0005,'[3]actual CWTs exp'!Z27/'[3]actual CWTs exp'!$AC27,IF('[3]actual CWTs exp'!Z27/'[3]actual CWTs exp'!$AC27>0,"- "," ")) | AA31: =SUM(E31:Z31) -> 0.13548387 | AB31: =1-AA31 -> 0.86451613 | AC31: ='[3]actual CWTs exp'!AC27 -> 465
A32: Stanislaus River | B32: TUO | C32: 54 | D32: Fall | E32: =IF('[3]actual CWTs exp'!E28/'[3]actual CWTs exp'!$AC28>0.0005,'[3]actual CWTs exp'!E28/'[3]actual CWTs exp'!$AC28,IF('[3]actual CWTs exp'!E28/'[3]actual CWTs exp'!$AC28>0,"- "," ")) | F32: =IF('[3]actual CWTs exp'!F28/'[3]actual CWTs exp'!$AC28>0.0005,'[3]actual CWTs exp'!F28/'[3]actual CWTs exp'!$AC28,IF('[3]actual CWTs exp'!F28/'[3]actual CWTs exp'!$AC28>0,"- "," ")) | G32: =IF('[3]actual CWTs exp'!G28/'[3]actual CWTs exp'!$AC28>0.0005,'[3]actual CWTs exp'!G28/'[3]actual CWTs exp'!$AC28,IF('[3]actual CWTs exp'!G28/'[3]actual CWTs exp'!$AC28>0,"- "," ")) | H32: =IF('[3]actual CWTs exp'!H28/'[3]actual CWTs exp'!$AC28>0.0005,'[3]actual CWTs exp'!H28/'[3]actual CWTs exp'!$AC28,IF('[3]actual CWTs exp'!H28/'[3]actual CWTs exp'!$AC28>0,"- "," ")) -> 0.21354657 | I32: =IF('[3]actual CWTs exp'!I28/'[3]actual CWTs exp'!$AC28>0.0005,'[3]actual CWTs exp'!I28/'[3]actual CWTs exp'!$AC28,IF('[3]actual CWTs exp'!I28/'[3]actual CWTs exp'!$AC28>0,"- "," ")) | J32: =IF('[3]actual CWTs exp'!J28/'[3]actual CWTs exp'!$AC28>0.0005,'[3]actual CWTs exp'!J28/'[3]actual CWTs exp'!$AC28,IF('[3]actual CWTs exp'!J28/'[3]actual CWTs exp'!$AC28>0,"- "," ")) | K32: =IF('[3]actual CWTs exp'!K28/'[3]actual CWTs exp'!$AC28>0.0005,'[3]actual CWTs exp'!K28/'[3]actual CWTs exp'!$AC28,IF('[3]actual CWTs exp'!K28/'[3]actual CWTs exp'!$AC28>0,"- "," ")) | L32: =IF('[3]actual CWTs exp'!L28/'[3]actual CWTs exp'!$AC28>0.0005,'[3]actual CWTs exp'!L28/'[3]actual CWTs exp'!$AC28,IF('[3]actual CWTs exp'!L28/'[3]actual CWTs exp'!$AC28>0,"- "," ")) | ... Z32: =IF('[3]actual CWTs exp'!Z28/'[3]actual CWTs exp'!$AC28>0.0005,'[3]actual CWTs exp'!Z28/'[3]actual CWTs exp'!$AC28,IF('[3]actual CWTs exp'!Z28/'[3]actual CWTs exp'!$AC28>0,"- "," ")) | AA32: =SUM(E32:Z32) -> 0.82596425 | AB32: =1-AA32 -> 0.17403575 | AC32: ='[3]actual CWTs exp'!AC28 -> 1063
A33: Tuolumne River | B33: MER | C33: 54 | D33: Fall | E33: =IF('[3]actual CWTs exp'!E29/'[3]actual CWTs exp'!$AC29>0.0005,'[3]actual CWTs exp'!E29/'[3]actual CWTs exp'!$AC29,IF('[3]actual CWTs exp'!E29/'[3]actual CWTs exp'!$AC29>0,"- "," ")) | F33: =IF('[3]actual CWTs exp'!F29/'[3]actual CWTs exp'!$AC29>0.0005,'[3]actual CWTs exp'!F29/'[3]actual CWTs exp'!$AC29,IF('[3]actual CWTs exp'!F29/'[3]actual CWTs exp'!$AC29>0,"- "," ")) | G33: =IF('[3]actual CWTs exp'!G29/'[3]actual CWTs exp'!$AC29>0.0005,'[3]actual CWTs exp'!G29/'[3]actual CWTs exp'!$AC29,IF('[3]actual CWTs exp'!G29/'[3]actual CWTs exp'!$AC29>0,"- "," ")) | H33: =IF('[3]actual CWTs exp'!H29/'[3]actual CWTs exp'!$AC29>0.0005,'[3]actual CWTs exp'!H29/'[3]actual CWTs exp'!$AC29,IF('[3]actual CWTs exp'!H29/'[3]actual CWTs exp'!$AC29>0,"- "," ")) -> 0.086560364 | I33: =IF('[3]actual CWTs exp'!I29/'[3]actual CWTs exp'!$AC29>0.0005,'[3]actual CWTs exp'!I29/'[3]actual CWTs exp'!$AC29,IF('[3]actual CWTs exp'!I29/'[3]actual CWTs exp'!$AC29>0,"- "," ")) | J33: =IF('[3]actual CWTs exp'!J29/'[3]actual CWTs exp'!$AC29>0.0005,'[3]actual CWTs exp'!J29/'[3]actual CWTs exp'!$AC29,IF('[3]actual CWTs exp'!J29/'[3]actual CWTs exp'!$AC29>0,"- "," ")) | K33: =IF('[3]actual CWTs exp'!K29/'[3]actual CWTs exp'!$AC29>0.0005,'[3]actual CWTs exp'!K29/'[3]actual CWTs exp'!$AC29,IF('[3]actual CWTs exp'!K29/'[3]actual CWTs exp'!$AC29>0,"- "," ")) -> 0.0022779043 | L33: =IF('[3]actual CWTs exp'!L29/'[3]actual CWTs exp'!$AC29>0.0005,'[3]actual CWTs exp'!L29/'[3]actual CWTs exp'!$AC29,IF('[3]actual CWTs exp'!L29/'[3]actual CWTs exp'!$AC29>0,"- "," ")) -> 0.0045558087 | ... Z33: =IF('[3]actual CWTs exp'!Z29/'[3]actual CWTs exp'!$AC29>0.0005,'[3]actual CWTs exp'!Z29/'[3]actual CWTs exp'!$AC29,IF('[3]actual CWTs exp'!Z29/'[3]actual CWTs exp'!$AC29>0,"- "," ")) | AA33: =SUM(E33:Z33) -> 0.72551253 | AB33: =1-AA33 -> 0.27448747 | AC33: ='[3]actual CWTs exp'!AC29 -> 878
A34: Merced River | D34: Fall | E34: =IF('[3]actual CWTs exp'!E30/'[3]actual CWTs exp'!$AC30>0.0005,'[3]actual CWTs exp'!E30/'[3]actual CWTs exp'!$AC30,IF('[3]actual CWTs exp'!E30/'[3]actual CWTs exp'!$AC30>0,"- "," ")) | F34: =IF('[3]actual CWTs exp'!F30/'[3]actual CWTs exp'!$AC30>0.0005,'[3]actual CWTs exp'!F30/'[3]actual CWTs exp'!$AC30,IF('[3]actual CWTs exp'!F30/'[3]actual CWTs exp'!$AC30>0,"- "," ")) | G34: =IF('[3]actual CWTs exp'!G30/'[3]actual CWTs exp'!$AC30>0.0005,'[3]actual CWTs exp'!G30/'[3]actual CWTs exp'!$AC30,IF('[3]actual CWTs exp'!G30/'[3]actual CWTs exp'!$AC30>0,"- "," ")) | H34: =IF('[3]actual CWTs exp'!H30/'[3]actual CWTs exp'!$AC30>0.0005,'[3]actual CWTs exp'!H30/'[3]actual CWTs exp'!$AC30,IF('[3]actual CWTs exp'!H30/'[3]actual CWTs exp'!$AC30>0,"- "," ")) -> 0.15665635 | I34: =IF('[3]actual CWTs exp'!I30/'[3]actual CWTs exp'!$AC30>0.0005,'[3]actual CWTs exp'!I30/'[3]actual CWTs exp'!$AC30,IF('[3]actual CWTs exp'!I30/'[3]actual CWTs exp'!$AC30>0,"- "," ")) | J34: =IF('[3]actual CWTs exp'!J30/'[3]actual CWTs exp'!$AC30>0.0005,'[3]actual CWTs exp'!J30/'[3]actual CWTs exp'!$AC30,IF('[3]actual CWTs exp'!J30/'[3]actual CWTs exp'!$AC30>0,"- "," ")) | K34: =IF('[3]actual CWTs exp'!K30/'[3]actual CWTs exp'!$AC30>0.0005,'[3]actual CWTs exp'!K30/'[3]actual CWTs exp'!$AC30,IF('[3]actual CWTs exp'!K30/'[3]actual CWTs exp'!$AC30>0,"- "," ")) | L34: =IF('[3]actual CWTs exp'!L30/'[3]actual CWTs exp'!$AC30>0.0005,'[3]actual CWTs exp'!L30/'[3]actual CWTs exp'!$AC30,IF('[3]actual CWTs exp'!L30/'[3]actual CWTs exp'!$AC30>0,"- "," ")) | ... Z34: =IF('[3]actual CWTs exp'!Z30/'[3]actual CWTs exp'!$AC30>0.0005,'[3]actual CWTs exp'!Z30/'[3]actual CWTs exp'!$AC30,IF('[3]actual CWTs exp'!Z30/'[3]actual CWTs exp'!$AC30>0,"- "," ")) | AA34: =SUM(E34:Z34) -> 0.89102167 | AB34: =1-AA34 -> 0.10897833 | AC34: ='[3]actual CWTs exp'!AC30 -> 1615
A35: Total Natural Area Fall Runᵉ | E35: =IF('[3]actual CWTs exp'!E31/'[3]actual CWTs exp'!$AC31>0.0005,'[3]actual CWTs exp'!E31/'[3]actual CWTs exp'!$AC31,IF('[3]actual CWTs exp'!E31/'[3]actual CWTs exp'!$AC31>0,"- "," ")) -> 0.00074113055 | F35: =IF('[3]actual CWTs exp'!F31/'[3]actual CWTs exp'!$AC31>0.0005,'[3]actual CWTs exp'!F31/'[3]actual CWTs exp'!$AC31,IF('[3]actual CWTs exp'!F31/'[3]actual CWTs exp'!$AC31>0,"- "," ")) | G35: =IF('[3]actual CWTs exp'!G31/'[3]actual CWTs exp'!$AC31>0.0005,'[3]actual CWTs exp'!G31/'[3]actual CWTs exp'!$AC31,IF('[3]actual CWTs exp'!G31/'[3]actual CWTs exp'!$AC31>0,"- "," ")) -> 0.11174074 | H35: =IF('[3]actual CWTs exp'!H31/'[3]actual CWTs exp'!$AC31>0.0005,'[3]actual CWTs exp'!H31/'[3]actual CWTs exp'!$AC31,IF('[3]actual CWTs exp'!H31/'[3]actual CWTs exp'!$AC31>0,"- "," ")) -> 0.049177122 | I35: =IF('[3]actual CWTs exp'!I31/'[3]actual CWTs exp'!$AC31>0.0005,'[3]actual CWTs exp'!I31/'[3]actual CWTs exp'!$AC31,IF('[3]actual CWTs exp'!I31/'[3]actual CWTs exp'!$AC31>0,"- "," ")) -> - | J35: =IF('[3]actual CWTs exp'!J31/'[3]actual CWTs exp'!$AC31>0.0005,'[3]actual CWTs exp'!J31/'[3]actual CWTs exp'!$AC31,IF('[3]actual CWTs exp'!J31/'[3]actual CWTs exp'!$AC31>0,"- "," ")) -> 0.017824173 | K35: =IF('[3]actual CWTs exp'!K31/'[3]actual CWTs exp'!$AC31>0.0005,'[3]actual CWTs exp'!K31/'[3]actual CWTs exp'!$AC31,IF('[3]actual CWTs exp'!K31/'[3]actual CWTs exp'!$AC31>0,"- "," ")) -> 0.019706008 | L35: =IF('[3]actual CWTs exp'!L31/'[3]actual CWTs exp'!$AC31>0.0005,'[3]actual CWTs exp'!L31/'[3]actual CWTs exp'!$AC31,IF('[3]actual CWTs exp'!L31/'[3]actual CWTs exp'!$AC31>0,"- "," ")) -> 0.0091038846 | ... Z35: =IF('[3]actual CWTs exp'!Z31/'[3]actual CWTs exp'!$AC31>0.0005,'[3]actual CWTs exp'!Z31/'[3]actual CWTs exp'!$AC31,IF('[3]actual CWTs exp'!Z31/'[3]actual CWTs exp'!$AC31>0,"- "," ")) -> - | AA35: =IF('[3]actual CWTs exp'!AA31>0,'[3]actual CWTs exp'!AA31/'[3]actual CWTs exp'!$AC31," ") -> 0.72788139 | AB35: =IF('[3]actual CWTs exp'!AB31>0,'[3]actual CWTs exp'!AB31/'[3]actual CWTs exp'!$AC31," ") -> 0.27211861 | AC35: ='[3]actual CWTs exp'!AC31 -> 112656
A37: Sport Harvest | AC37: ='[3]actual CWTs exp'!AC32 -> 0
A38: Inland Creel - Late Fall | B38: SAF | C38: 99 | D38: Late | E38: =IF('[3]actual CWTs exp'!E33/'[3]actual CWTs exp'!$AC33>0.0005,'[3]actual CWTs exp'!E33/'[3]actual CWTs exp'!$AC33,IF('[3]actual CWTs exp'!E33/'[3]actual CWTs exp'!$AC33>0,"- "," ")) -> 0.65086705 | F38: =IF('[3]actual CWTs exp'!F33/'[3]actual CWTs exp'!$AC33>0.0005,'[3]actual CWTs exp'!F33/'[3]actual CWTs exp'!$AC33,IF('[3]actual CWTs exp'!F33/'[3]actual CWTs exp'!$AC33>0,"- "," ")) | G38: =IF('[3]actual CWTs exp'!G33/'[3]actual CWTs exp'!$AC33>0.0005,'[3]actual CWTs exp'!G33/'[3]actual CWTs exp'!$AC33,IF('[3]actual CWTs exp'!G33/'[3]actual CWTs exp'!$AC33>0,"- "," ")) -> 0.021965318 | H38: =IF('[3]actual CWTs exp'!H33/'[3]actual CWTs exp'!$AC33>0.0005,'[3]actual CWTs exp'!H33/'[3]actual CWTs exp'!$AC33,IF('[3]actual CWTs exp'!H33/'[3]actual CWTs exp'!$AC33>0,"- "," ")) | I38: =IF('[3]actual CWTs exp'!I33/'[3]actual CWTs exp'!$AC33>0.0005,'[3]actual CWTs exp'!I33/'[3]actual CWTs exp'!$AC33,IF('[3]actual CWTs exp'!I33/'[3]actual CWTs exp'!$AC33>0,"- "," ")) | J38: =IF('[3]actual CWTs exp'!J33/'[3]actual CWTs exp'!$AC33>0.0005,'[3]actual CWTs exp'!J33/'[3]actual CWTs exp'!$AC33,IF('[3]actual CWTs exp'!J33/'[3]actual CWTs exp'!$AC33>0,"- "," ")) | K38: =IF('[3]actual CWTs exp'!K33/'[3]actual CWTs exp'!$AC33>0.0005,'[3]actual CWTs exp'!K33/'[3]actual CWTs exp'!$AC33,IF('[3]actual CWTs exp'!K33/'[3]actual CWTs exp'!$AC33>0,"- "," ")) -> 0.0057803468 | L38: =IF('[3]actual CWTs exp'!L33/'[3]actual CWTs exp'!$AC33>0.0005,'[3]actual CWTs exp'!L33/'[3]actual CWTs exp'!$AC33,IF('[3]actual CWTs exp'!L33/'[3]actual CWTs exp'!$AC33>0,"- "," ")) | ... Z38: =IF('[3]actual CWTs exp'!Z33/'[3]actual CWTs exp'!$AC33>0.0005,'[3]actual CWTs exp'!Z33/'[3]actual CWTs exp'!$AC33,IF('[3]actual CWTs exp'!Z33/'[3]actual CWTs exp'!$AC33>0,"- "," ")) | AA38: =SUM(E38:Z38) -> 0.68439306 | AB38: =1-AA38 -> 0.31560694 | AC38: ='[3]actual CWTs exp'!AC33 -> 1730
A39: Inland Creel - Upper Sac | B39: SAF | C39: 99 | D39: Fall | E39: =IF('[3]actual CWTs exp'!E34/'[3]actual CWTs exp'!$AC34>0.0005,'[3]actual CWTs exp'!E34/'[3]actual CWTs exp'!$AC34,IF('[3]actual CWTs exp'!E34/'[3]actual CWTs exp'!$AC34>0,"- "," ")) -> 0.0031045015 | F39: =IF('[3]actual CWTs exp'!F34/'[3]actual CWTs exp'!$AC34>0.0005,'[3]actual CWTs exp'!F34/'[3]actual CWTs exp'!$AC34,IF('[3]actual CWTs exp'!F34/'[3]actual CWTs exp'!$AC34>0,"- "," ")) | G39: =IF('[3]actual CWTs exp'!G34/'[3]actual CWTs exp'!$AC34>0.0005,'[3]actual CWTs exp'!G34/'[3]actual CWTs exp'!$AC34,IF('[3]actual CWTs exp'!G34/'[3]actual CWTs exp'!$AC34>0,"- "," ")) -> 0.69625958 | H39: =IF('[3]actual CWTs exp'!H34/'[3]actual CWTs exp'!$AC34>0.0005,'[3]actual CWTs exp'!H34/'[3]actual CWTs exp'!$AC34,IF('[3]actual CWTs exp'!H34/'[3]actual CWTs exp'!$AC34>0,"- "," ")) -> 0.015021782 | I39: =IF('[3]actual CWTs exp'!I34/'[3]actual CWTs exp'!$AC34>0.0005,'[3]actual CWTs exp'!I34/'[3]actual CWTs exp'!$AC34,IF('[3]actual CWTs exp'!I34/'[3]actual CWTs exp'!$AC34>0,"- "," ")) | J39: =IF('[3]actual CWTs exp'!J34/'[3]actual CWTs exp'!$AC34>0.0005,'[3]actual CWTs exp'!J34/'[3]actual CWTs exp'!$AC34,IF('[3]actual CWTs exp'!J34/'[3]actual CWTs exp'!$AC34>0,"- "," ")) | K39: =IF('[3]actual CWTs exp'!K34/'[3]actual CWTs exp'!$AC34>0.0005,'[3]actual CWTs exp'!K34/'[3]actual CWTs exp'!$AC34,IF('[3]actual CWTs exp'!K34/'[3]actual CWTs exp'!$AC34>0,"- "," ")) -> 0.0022532672 | L39: =IF('[3]actual CWTs exp'!L34/'[3]actual CWTs exp'!$AC34>0.0005,'[3]actual CWTs exp'!L34/'[3]actual CWTs exp'!$AC34,IF('[3]actual CWTs exp'!L34/'[3]actual CWTs exp'!$AC34>0,"- "," ")) -> 0.0015021782 | ... Z39: =IF('[3]actual CWTs exp'!Z34/'[3]actual CWTs exp'!$AC34>0.0005,'[3]actual CWTs exp'!Z34/'[3]actual CWTs exp'!$AC34,IF('[3]actual CWTs exp'!Z34/'[3]actual CWTs exp'!$AC34>0,"- "," ")) -> 0.00075108908 | AA39: =SUM(E39:Z39) -> 0.74668269 | AB39: =1-AA39 -> 0.25331731 | AC39: ='[3]actual CWTs exp'!AC34 -> 19971
A40: Inland Creel - Lower Sac | B40: SBF | C40: 99 | D40: Fall | E40: =IF('[3]actual CWTs exp'!E35/'[3]actual CWTs exp'!$AC35>0.0005,'[3]actual CWTs exp'!E35/'[3]actual CWTs exp'!$AC35,IF('[3]actual CWTs exp'!E35/'[3]actual CWTs exp'!$AC35>0,"- "," ")) -> 0.015637584 | F40: =IF('[3]actual CWTs exp'!F35/'[3]actual CWTs exp'!$AC35>0.0005,'[3]actual CWTs exp'!F35/'[3]actual CWTs exp'!$AC35,IF('[3]actual CWTs exp'!F35/'[3]actual CWTs exp'!$AC35>0,"- "," ")) | G40: =IF('[3]actual CWTs exp'!G35/'[3]actual CWTs exp'!$AC35>0.0005,'[3]actual CWTs exp'!G35/'[3]actual CWTs exp'!$AC35,IF('[3]actual CWTs exp'!G35/'[3]actual CWTs exp'!$AC35>0,"- "," ")) -> 0.040939597 | H40: =IF('[3]actual CWTs exp'!H35/'[3]actual CWTs exp'!$AC35>0.0005,'[3]actual CWTs exp'!H35/'[3]actual CWTs exp'!$AC35,IF('[3]actual CWTs exp'!H35/'[3]actual CWTs exp'!$AC35>0,"- "," ")) -> 0.090201342 | I40: =IF('[3]actual CWTs exp'!I35/'[3]actual CWTs exp'!$AC35>0.0005,'[3]actual CWTs exp'!I35/'[3]actual CWTs exp'!$AC35,IF('[3]actual CWTs exp'!I35/'[3]actual CWTs exp'!$AC35>0,"- "," ")) | J40: =IF('[3]actual CWTs exp'!J35/'[3]actual CWTs exp'!$AC35>0.0005,'[3]actual CWTs exp'!J35/'[3]actual CWTs exp'!$AC35,IF('[3]actual CWTs exp'!J35/'[3]actual CWTs exp'!$AC35>0,"- "," ")) | K40: =IF('[3]actual CWTs exp'!K35/'[3]actual CWTs exp'!$AC35>0.0005,'[3]actual CWTs exp'!K35/'[3]actual CWTs exp'!$AC35,IF('[3]actual CWTs exp'!K35/'[3]actual CWTs exp'!$AC35>0,"- "," ")) -> 0.0034899329 | L40: =IF('[3]actual CWTs exp'!L35/'[3]actual CWTs exp'!$AC35>0.0005,'[3]actual CWTs exp'!L35/'[3]actual CWTs exp'!$AC35,IF('[3]actual CWTs exp'!L35/'[3]actual CWTs exp'!$AC35>0,"- "," ")) -> 0.0052348993 | ... Z40: =IF('[3]actual CWTs exp'!Z35/'[3]actual CWTs exp'!$AC35>0.0005,'[3]actual CWTs exp'!Z35/'[3]actual CWTs exp'!$AC35,IF('[3]actual CWTs exp'!Z35/'[3]actual CWTs exp'!$AC35>0,"- "," ")) -> 0.0017449664 | AA40: =SUM(E40:Z40) -> 0.81174497 | AB40: =1-AA40 -> 0.18825503 | AC40: ='[3]actual CWTs exp'!AC35 -> 14900
A41: Inland Creel - Feather | B41: FEA | C41: 99 | D41: Fall | E41: =IF('[3]actual CWTs exp'!E36/'[3]actual CWTs exp'!$AC36>0.0005,'[3]actual CWTs exp'!E36/'[3]actual CWTs exp'!$AC36,IF('[3]actual CWTs exp'!E36/'[3]actual CWTs exp'!$AC36>0,"- "," ")) | F41: =IF('[3]actual CWTs exp'!F36/'[3]actual CWTs exp'!$AC36>0.0005,'[3]actual CWTs exp'!F36/'[3]actual CWTs exp'!$AC36,IF('[3]actual CWTs exp'!F36/'[3]actual CWTs exp'!$AC36>0,"- "," ")) | G41: =IF('[3]actual CWTs exp'!G36/'[3]actual CWTs exp'!$AC36>0.0005,'[3]actual CWTs exp'!G36/'[3]actual CWTs exp'!$AC36,IF('[3]actual CWTs exp'!G36/'[3]actual CWTs exp'!$AC36>0,"- "," ")) | H41: =IF('[3]actual CWTs exp'!H36/'[3]actual CWTs exp'!$AC36>0.0005,'[3]actual CWTs exp'!H36/'[3]actual CWTs exp'!$AC36,IF('[3]actual CWTs exp'!H36/'[3]actual CWTs exp'!$AC36>0,"- "," ")) -> 0.070886676 | I41: =IF('[3]actual CWTs exp'!I36/'[3]actual CWTs exp'!$AC36>0.0005,'[3]actual CWTs exp'!I36/'[3]actual CWTs exp'!$AC36,IF('[3]actual CWTs exp'!I36/'[3]actual CWTs exp'!$AC36>0,"- "," ")) | J41: =IF('[3]actual CWTs exp'!J36/'[3]actual CWTs exp'!$AC36>0.0005,'[3]actual CWTs exp'!J36/'[3]actual CWTs exp'!$AC36,IF('[3]actual CWTs exp'!J36/'[3]actual CWTs exp'!$AC36>0,"- "," ")) -> 0.0045045045 | K41: =IF('[3]actual CWTs exp'!K36/'[3]actual CWTs exp'!$AC36>0.0005,'[3]actual CWTs exp'!K36/'[3]actual CWTs exp'!$AC36,IF('[3]actual CWTs exp'!K36/'[3]actual CWTs exp'!$AC36>0,"- "," ")) | L41: =IF('[3]actual CWTs exp'!L36/'[3]actual CWTs exp'!$AC36>0.0005,'[3]actual CWTs exp'!L36/'[3]actual CWTs exp'!$AC36,IF('[3]actual CWTs exp'!L36/'[3]actual CWTs exp'!$AC36>0,"- "," ")) -> 0.0094831674 | ... Z41: =IF('[3]actual CWTs exp'!Z36/'[3]actual CWTs exp'!$AC36>0.0005,'[3]actual CWTs exp'!Z36/'[3]actual CWTs exp'!$AC36,IF('[3]actual CWTs exp'!Z36/'[3]actual CWTs exp'!$AC36>0,"- "," ")) | AA41: =SUM(E41:Z41) -> 0.83333333 | AB41: =1-AA41 -> 0.16666667 | AC41: ='[3]actual CWTs exp'!AC36 -> 4218
A42: Inland Creel - American | B42: AMN | C42: 99 | D42: Fall | E42: =IF('[3]actual CWTs exp'!E37/'[3]actual CWTs exp'!$AC37>0.0005,'[3]actual CWTs exp'!E37/'[3]actual CWTs exp'!$AC37,IF('[3]actual CWTs exp'!E37/'[3]actual CWTs exp'!$AC37>0,"- "," ")) | F42: =IF('[3]actual CWTs exp'!F37/'[3]actual CWTs exp'!$AC37>0.0005,'[3]actual CWTs exp'!F37/'[3]actual CWTs exp'!$AC37,IF('[3]actual CWTs exp'!F37/'[3]actual CWTs exp'!$AC37>0,"- "," ")) | G42: =IF('[3]actual CWTs exp'!G37/'[3]actual CWTs exp'!$AC37>0.0005,'[3]actual CWTs exp'!G37/'[3]actual CWTs exp'!$AC37,IF('[3]actual CWTs exp'!G37/'[3]actual CWTs exp'!$AC37>0,"- "," ")) | H42: =IF('[3]actual CWTs exp'!H37/'[3]actual CWTs exp'!$AC37>0.0005,'[3]actual CWTs exp'!H37/'[3]actual CWTs exp'!$AC37,IF('[3]actual CWTs exp'!H37/'[3]actual CWTs exp'!$AC37>0,"- "," ")) -> 0.10517958 | I42: =IF('[3]actual CWTs exp'!I37/'[3]actual CWTs exp'!$AC37>0.0005,'[3]actual CWTs exp'!I37/'[3]actual CWTs exp'!$AC37,IF('[3]actual CWTs exp'!I37/'[3]actual CWTs exp'!$AC37>0,"- "," ")) | J42: =IF('[3]actual CWTs exp'!J37/'[3]actual CWTs exp'!$AC37>0.0005,'[3]actual CWTs exp'!J37/'[3]actual CWTs exp'!$AC37,IF('[3]actual CWTs exp'!J37/'[3]actual CWTs exp'!$AC37>0,"- "," ")) | K42: =IF('[3]actual CWTs exp'!K37/'[3]actual CWTs exp'!$AC37>0.0005,'[3]actual CWTs exp'!K37/'[3]actual CWTs exp'!$AC37,IF('[3]actual CWTs exp'!K37/'[3]actual CWTs exp'!$AC37>0,"- "," ")) -> 0.0017747887 | L42: =IF('[3]actual CWTs exp'!L37/'[3]actual CWTs exp'!$AC37>0.0005,'[3]actual CWTs exp'!L37/'[3]actual CWTs exp'!$AC37,IF('[3]actual CWTs exp'!L37/'[3]actual CWTs exp'!$AC37>0,"- "," ")) | ... Z42: =IF('[3]actual CWTs exp'!Z37/'[3]actual CWTs exp'!$AC37>0.0005,'[3]actual CWTs exp'!Z37/'[3]actual CWTs exp'!$AC37,IF('[3]actual CWTs exp'!Z37/'[3]actual CWTs exp'!$AC37>0,"- "," ")) | AA42: =SUM(E42:Z42) -> 0.94783055 | AB42: =1-AA42 -> 0.052169446 | AC42: ='[3]actual CWTs exp'!AC37 -> 21411
A43: Total Sport Fall Harvest | E43: =IF('[3]actual CWTs exp'!E38/'[3]actual CWTs exp'!$AC38>0.0005,'[3]actual CWTs exp'!E38/'[3]actual CWTs exp'!$AC38,IF('[3]actual CWTs exp'!E38/'[3]actual CWTs exp'!$AC38>0,"- "," ")) -> 0.0048760331 | F43: =IF('[3]actual CWTs exp'!F38/'[3]actual CWTs exp'!$AC38>0.0005,'[3]actual CWTs exp'!F38/'[3]actual CWTs exp'!$AC38,IF('[3]actual CWTs exp'!F38/'[3]actual CWTs exp'!$AC38>0,"- "," ")) | G43: =IF('[3]actual CWTs exp'!G38/'[3]actual CWTs exp'!$AC38>0.0005,'[3]actual CWTs exp'!G38/'[3]actual CWTs exp'!$AC38,IF('[3]actual CWTs exp'!G38/'[3]actual CWTs exp'!$AC38>0,"- "," ")) -> 0.23991736 | H43: =IF('[3]actual CWTs exp'!H38/'[3]actual CWTs exp'!$AC38>0.0005,'[3]actual CWTs exp'!H38/'[3]actual CWTs exp'!$AC38,IF('[3]actual CWTs exp'!H38/'[3]actual CWTs exp'!$AC38>0,"- "," ")) -> 0.069338843 | I43: =IF('[3]actual CWTs exp'!I38/'[3]actual CWTs exp'!$AC38>0.0005,'[3]actual CWTs exp'!I38/'[3]actual CWTs exp'!$AC38,IF('[3]actual CWTs exp'!I38/'[3]actual CWTs exp'!$AC38>0,"- "," ")) | J43: =IF('[3]actual CWTs exp'!J38/'[3]actual CWTs exp'!$AC38>0.0005,'[3]actual CWTs exp'!J38/'[3]actual CWTs exp'!$AC38,IF('[3]actual CWTs exp'!J38/'[3]actual CWTs exp'!$AC38>0,"- "," ")) -> - | K43: =IF('[3]actual CWTs exp'!K38/'[3]actual CWTs exp'!$AC38>0.0005,'[3]actual CWTs exp'!K38/'[3]actual CWTs exp'!$AC38,IF('[3]actual CWTs exp'!K38/'[3]actual CWTs exp'!$AC38>0,"- "," ")) -> 0.002231405 | L43: =IF('[3]actual CWTs exp'!L38/'[3]actual CWTs exp'!$AC38>0.0005,'[3]actual CWTs exp'!L38/'[3]actual CWTs exp'!$AC38,IF('[3]actual CWTs exp'!L38/'[3]actual CWTs exp'!$AC38>0,"- "," ")) -> 0.002446281 | ... Z43: =IF('[3]actual CWTs exp'!Z38/'[3]actual CWTs exp'!$AC38>0.0005,'[3]actual CWTs exp'!Z38/'[3]actual CWTs exp'!$AC38,IF('[3]actual CWTs exp'!Z38/'[3]actual CWTs exp'!$AC38>0,"- "," ")) -> 0.00067768595 | AA43: =IF('[3]actual CWTs exp'!AA38>0,'[3]actual CWTs exp'!AA38/'[3]actual CWTs exp'!$AC38," ") -> 0.83990083 | AB43: =IF('[3]actual CWTs exp'!AB38>0,'[3]actual CWTs exp'!AB38/'[3]actual CWTs exp'!$AC38," ") -> 0.16009917 | AC43: ='[3]actual CWTs exp'!AC38 -> 60500
A44: ='[3]actual CWTs exp'!A39 -> 0 | B44: =[3]inland_taf_hatchgrp_table11_raw!D31 -> 0 | C44: =[3]inland_taf_hatchgrp_table11_raw!E30 -> 99 | E44: =IF('[3]actual CWTs exp'!E39>0,'[3]actual CWTs exp'!E39/'[3]actual CWTs exp'!$AC39," ") | F44: =IF('[3]actual CWTs exp'!F39>0,'[3]actual CWTs exp'!F39/'[3]actual CWTs exp'!$AC39," ") | G44: =IF('[3]actual CWTs exp'!G39>0,'[3]actual CWTs exp'!G39/'[3]actual CWTs exp'!$AC39," ") | H44: =IF('[3]actual CWTs exp'!H39>0,'[3]actual CWTs exp'!H39/'[3]actual CWTs exp'!$AC39," ") | I44: =IF('[3]actual CWTs exp'!I39>0,'[3]actual CWTs exp'!I39/'[3]actual CWTs exp'!$AC39," ") | J44: =IF('[3]actual CWTs exp'!J39>0,'[3]actual CWTs exp'!J39/'[3]actual CWTs exp'!$AC39," ") | K44: =IF('[3]actual CWTs exp'!K39>0,'[3]actual CWTs exp'!K39/'[3]actual CWTs exp'!$AC39," ") | L44: =IF('[3]actual CWTs exp'!L39>0,'[3]actual CWTs exp'!L39/'[3]actual CWTs exp'!$AC39," ") | ... Y44: =IF('[3]actual CWTs exp'!Y39>0,'[3]actual CWTs exp'!Y39/'[3]actual CWTs exp'!$AC39," ")
A45: a/ Any values resulting in less than 0.05% are displayed here as "-". Note: These values represent a small number of recoveries and are not actual zeros.
A46: b/ Natural-origin Feather River (FeaW) and Mokelumne River (Mokw) CWT releases are not included in this table due to minimal recoveries occurring only at the Feather River and Mokelumne hatcheries (contributed 0.02% and 0.01%, respectively).
A47: c/ Surveys without representative sampling of CWTs; proportions shown are based only on CWTs collected opportunistically.
A48: d/ No CWT recovery survey or ad-clip count available for Battle Creek natural escapement. CWT release group and total hatchery proportions assumed to be equivalent to Coleman National Fish Hatchery (FWS staff, per. comm).
A49: e/ Total natural area fall run total only includes surveys with representative sampling of CWTs.

Sheet Table 7 Inland 2012 Tag Summary
A1: Table 7. Raw and expanded CV Chinook CWT recoveries by stock and age, brood years 2007-2011.
B3: Fall | C3: =D3+1 -> 2011 | D3: =E3+1 -> 2010 | E3: =F3+1 -> 2009 | F3: =G3+1 -> 2008 | G3: ='[4]raw inland'!P4 -> 2007 | I3: Total CV CWTs | J3: Total CV %
B4: Age | C4: 1 | D4: 2 | E4: 3 | F4: 4 | G4: 5
A6: Raw CWT Recoveries | C6: ='[4]raw inland'!L5 -> 4 | D6: ='[4]raw inland'!M5 -> 3760 | E6: ='[4]raw inland'!N5 -> 24383 | F6: ='[4]raw inland'!O5 -> 410 | G6: ='[4]raw inland'!P5 -> 4 | I6: =SUM(C6:G6) -> 28561 | J6: =I6/$I$41 -> 0.70632605
C7: (< 1%) | D7: (13%) | E7: (85%) | F7: (1%) | G7: (< 1%) | M7: =C6/$I6 -> 0.00014005112 | N7: =D6/$I6 -> 0.13164805 | O7: =E6/$I6 -> 0.85371661 | P7: =F6/$I6 -> 0.01435524 | Q7: =G6/$I6 -> 0.00014005112
A9: Expanded CWTtotal | C9: ='[4]raw inland'!L7 -> 22.9 | D9: ='[4]raw inland'!M7 -> 38898.48 | E9: ='[4]raw inland'!N7 -> 256673.91 | F9: ='[4]raw inland'!O7 -> 5382.81 | G9: ='[4]raw inland'!P7 -> 16.26 | I9: =SUM(C9:G9) -> 300994.36 | J9: =I9/$I$44 -> 0.93426897
C10: (< 1%) | D10: (13%) | E10: (85%) | F10: (2%) | G10: (< 1%) | M10: =C9/$I9 -> 7.608116e-05 | N10: =D9/$I9 -> 0.12923325 | O10: =E9/$I9 -> 0.85275322 | P10: =F9/$I9 -> 0.017883425 | Q10: =G9/$I9 -> 5.4020946e-05
B12: Spring | C12: =C3 -> 2011 | D12: =D3 -> 2010 | E12: =E3 -> 2009 | F12: =F3 -> 2008 | G12: =G3 -> 2007 | I12: Total CV CWTs | J12: Total CV %
B13: Age | C13: 1 | D13: 2 | E13: 3 | F13: 4 | G13: 5
A15: Raw CWT Recoveries | D15: ='[4]raw inland'!M12 -> 611 | E15: ='[4]raw inland'!N12 -> 7501 | F15: ='[4]raw inland'!O12 -> 178 | I15: =SUM(C15:G15) -> 8290 | J15: =I15/$I$41 -> 0.20501533
D16: (7%) | E16: (90%) | F16: (2%) | M16: =C15/$I15 -> 0 | N16: =D15/$I15 -> 0.073703257 | O16: =E15/$I15 -> 0.90482509 | P16: =F15/$I15 -> 0.021471653 | Q16: =G15/$I15 -> 0
A18: Expanded CWTtotal | D18: ='[4]raw inland'!M14 -> 938.64 | E18: ='[4]raw inland'!N14 -> 14732.66 | F18: ='[4]raw inland'!O14 -> 512.14 | I18: =SUM(C18:G18) -> 16183.44 | J18: =I18/$I$44 -> 0.050232456
D19: (6%) | E19: (91%) | F19: (3%) | M19: =C18/$I18 -> 0 | N19: =D18/$I18 -> 0.05800003 | O19: =E18/$I18 -> 0.91035404 | P19: =F18/$I18 -> 0.031645929 | Q19: =G18/$I18 -> 0
B21: Late-Fall | D21: =E21+1 -> 2011 | E21: =F21+1 -> 2010 | F21: =G21+1 -> 2009 | G21: ='[4]raw ocean'!O16 -> 2008 | I21: Total CV CWTs | J21: Total CV %
B22: Age | D22: 2 | E22: 3 | F22: 4 | G22: 5
A24: Raw CWT Recoveries | D24: ='[4]raw inland'!M26 -> 366 | E24: ='[4]raw inland'!N26 -> 2719 | F24: ='[4]raw inland'!O26 -> 186 | G24: ='[4]raw inland'!P26 -> 2 | I24: =SUM(D24:G24) -> 3273 | J24: =I24/$I$41 -> 0.080942724
D25: (11%) | E25: (83%) | F25: (6%) | G25: (< 1%) | M25: =C24/$I24 -> 0 | N25: =D24/$I24 -> 0.11182401 | O25: =E24/$I24 -> 0.83073633 | P25: =F24/$I24 -> 0.056828598 | Q25: =G24/$I24 -> 0.00061106019
A27: Expanded CWTtotal | D27: ='[4]raw inland'!M28 -> 467.42 | E27: ='[4]raw inland'!N28 -> 3432.38 | F27: ='[4]raw inland'!O28 -> 323.91 | G27: ='[4]raw inland'!P28 -> 2.03 | I27: =SUM(D27:G27) -> 4225.74 | J27: =I27/$I$44 -> 0.013116451
D28: (11%) | E28: (81%) | F28: (8%) | G28: (< 1%) | M28: =C27/$I27 -> 0 | N28: =D27/$I27 -> 0.11061258 | O28: =E27/$I27 -> 0.81225537 | P28: =F27/$I27 -> 0.076651663 | Q28: =G27/$I27 -> 0.00048038923
B30: Winter | D30: =E30+1 -> 2010 | E30: =F30+1 -> 2009 | F30: =G30+1 -> 2008 | G30: 2007 | I30: Total CV CWTs | J30: Total CV %
B31: Age | D31: 2 | E31: 3 | F31: 4 | G31: 5
A33: Raw CWT Recoveries | D33: ='[4]raw inland'!M19 -> 1 | E33: ='[4]raw inland'!N19 -> 311 | I33: =SUM(D33:G33) -> 312 | J33: =I33/$I$41 -> 0.0077158967
D34: (< 1%) | E34: (100%) | M34: =C33/$I33 -> 0 | N34: =D33/$I33 -> 0.0032051282 | O34: =E33/$I33 -> 0.99679487 | P34: =F33/$I33 -> 0 | Q34: =G33/$I33 -> 0
A36: Expanded CWTtotal | D36: ='[4]raw inland'!M21 -> 2.66 | E36: ='[4]raw inland'!N21 -> 764.79 | I36: =SUM(D36:G36) -> 767.45 | J36: =I36/$I$44 -> 0.0023821201
D37: (< 1%) | E37: (100%) | M37: =C36/$I36 -> 0 | N37: =D36/$I36 -> 0.0034660238 | O37: =E36/$I36 -> 0.99653398 | P37: =F36/$I36 -> 0 | Q37: =G36/$I36 -> 0
B38: All Runs | I38: Total CV CWTs | J38: Total CV %
B39: Age | C39: 1 | D39: 2 | E39: 3 | F39: 4 | G39: 5
A41: Raw CWT Recoveries | C41: =C33+C24+C15+C6 -> 4 | D41: =D33+D24+D15+D6 -> 4738 | E41: =E33+E24+E15+E6 -> 34914 | F41: =F33+F24+F15+F6 -> 774 | G41: =G33+G24+G15+G6 -> 6 | I41: =SUM(C41:H41) -> 40436 | J41: =J33+J24+J15+J6 -> 1
C42: (< 1%) | D42: (12%) | E42: (86%) | F42: (2%) | G42: (< 1%) | M42: =C41/$I41 -> 9.8921753e-05 | N42: =D41/$I41 -> 0.11717282 | O42: =E41/$I41 -> 0.86343852 | P42: =F41/$I41 -> 0.019141359 | Q42: =G41/$I41 -> 0.00014838263
A44: Expanded CWTtotal | C44: =C9+C18+C27+C36 -> 22.9 | D44: =D9+D18+D27+D36 -> 40307.2 | E44: =E9+E18+E27+E36 -> 275603.74 | F44: =F9+F18+F27+F36 -> 6218.86 | G44: =G9+G18+G27+G36 -> 18.29 | I44: =SUM(C44:G44) -> 322170.99 | J44: =J36+J27+J18+J9 -> 1
C45: (< 1%) | D45: (12%) | E45: (86%) | F45: (2%) | G45: (< 1%) | M45: =C44/$I44 -> 7.1080267e-05 | N45: =D44/$I44 -> 0.1251112 | O45: =E44/$I44 -> 0.85545797 | P45: =F44/$I44 -> 0.019302979 | Q45: =G44/$I44 -> 5.6771095e-05
D46: `

Sheet 2012 table 9
A1: Table 9. Percentage of inland CWTtotal recoveries by location, run, and release typeᵃ in hatchery returns, natural escapement and sport harvest during 2012.
F3: CNFH | I3: FRH | P3: NFH | S3: MOK | U3: MER | X3: Total % | Z3: Total
A4: Location | B4: location | C4: fishery | D4: Run | E4: SacW | F4: CFHLh | G4: CFHFh | H4: CFHFn | I4: FRHS | J4: FRHSn | K4: FRHFe | L4: FRHFn | M4: FRHFnc | N4: FRHFtib | O4: FeaFw | P4: NIMF | Q4: NIMFn | R4: MOKF | S4: MOKFn | T4: MOKFt | U4: MERF | V4: MERFt | W4: nonCV | X4: Hatcheryᵇ | Y4: Natural | Z4: Run
A6: Hatchery Spawners
A7: Feather River Hatchery | B7: FRFH | C7: 50 | D7: Spring | E7: =IF('[5]actual CWTs exp'!E5/'[5]actual CWTs exp'!$Z5>0.0005,'[5]actual CWTs exp'!E5/'[5]actual CWTs exp'!$Z5,IF('[5]actual CWTs exp'!E5/'[5]actual CWTs exp'!$Z5>0,"* "," ")) | F7: =IF('[5]actual CWTs exp'!F5/'[5]actual CWTs exp'!$Z5>0.0005,'[5]actual CWTs exp'!F5/'[5]actual CWTs exp'!$Z5,IF('[5]actual CWTs exp'!F5/'[5]actual CWTs exp'!$Z5>0,"- "," ")) | G7: =IF('[5]actual CWTs exp'!G5/'[5]actual CWTs exp'!$Z5>0.0005,'[5]actual CWTs exp'!G5/'[5]actual CWTs exp'!$Z5,IF('[5]actual CWTs exp'!G5/'[5]actual CWTs exp'!$Z5>0,"- "," ")) | H7: =IF('[5]actual CWTs exp'!H5/'[5]actual CWTs exp'!$Z5>0.0005,'[5]actual CWTs exp'!H5/'[5]actual CWTs exp'!$Z5,IF('[5]actual CWTs exp'!H5/'[5]actual CWTs exp'!$Z5>0,"- "," ")) -> 0.001070091 | I7: =IF('[5]actual CWTs exp'!I5/'[5]actual CWTs exp'!$Z5>0.0005,'[5]actual CWTs exp'!I5/'[5]actual CWTs exp'!$Z5,IF('[5]actual CWTs exp'!I5/'[5]actual CWTs exp'!$Z5>0,"- "," ")) -> 0.3988764 | J7: =IF('[5]actual CWTs exp'!J5/'[5]actual CWTs exp'!$Z5>0.0005,'[5]actual CWTs exp'!J5/'[5]actual CWTs exp'!$Z5,IF('[5]actual CWTs exp'!J5/'[5]actual CWTs exp'!$Z5>0,"- "," ")) -> 0.43927234 | K7: =IF('[5]actual CWTs exp'!K5/'[5]actual CWTs exp'!$Z5>0.0005,'[5]actual CWTs exp'!K5/'[5]actual CWTs exp'!$Z5,IF('[5]actual CWTs exp'!K5/'[5]actual CWTs exp'!$Z5>0,"- "," ")) -> 0.0013376137 | L7: =IF('[5]actual CWTs exp'!L5/'[5]actual CWTs exp'!$Z5>0.0005,'[5]actual CWTs exp'!L5/'[5]actual CWTs exp'!$Z5,IF('[5]actual CWTs exp'!L5/'[5]actual CWTs exp'!$Z5>0,"- "," ")) -> 0.14392723 | M7: =IF('[5]actual CWTs exp'!M5/'[5]actual CWTs exp'!$Z5>0.0005,'[5]actual CWTs exp'!M5/'[5]actual CWTs exp'!$Z5,IF('[5]actual CWTs exp'!M5/'[5]actual CWTs exp'!$Z5>0,"- "," ")) | ... W7: =IF('[5]actual CWTs exp'!W5/'[5]actual CWTs exp'!$Z5>0.0005,'[5]actual CWTs exp'!W5/'[5]actual CWTs exp'!$Z5,IF('[5]actual CWTs exp'!W5/'[5]actual CWTs exp'!$Z5>0,"- "," ")) | X7: =SUM(E7:W7) -> 0.98582129 | Y7: =1-X7 -> 0.014178705 | Z7: ='[5]actual CWTs exp'!Z5 -> 3738
A8: Coleman Hatchery | B8: CNFH | C8: 50 | D8: Late | E8: =IF('[5]actual CWTs exp'!E4/'[5]actual CWTs exp'!$Z4>0.0005,'[5]actual CWTs exp'!E4/'[5]actual CWTs exp'!$Z4,IF('[5]actual CWTs exp'!E4/'[5]actual CWTs exp'!$Z4>0,"* "," ")) | F8: =IF('[5]actual CWTs exp'!F4/'[5]actual CWTs exp'!$Z4>0.0005,'[5]actual CWTs exp'!F4/'[5]actual CWTs exp'!$Z4,IF('[5]actual CWTs exp'!F4/'[5]actual CWTs exp'!$Z4>0,"* "," ")) -> 0.99410774 | G8: =IF('[5]actual CWTs exp'!G4/'[5]actual CWTs exp'!$Z4>0.0005,'[5]actual CWTs exp'!G4/'[5]actual CWTs exp'!$Z4,IF('[5]actual CWTs exp'!G4/'[5]actual CWTs exp'!$Z4>0,"- "," ")) | H8: =IF('[5]actual CWTs exp'!H4/'[5]actual CWTs exp'!$Z4>0.0005,'[5]actual CWTs exp'!H4/'[5]actual CWTs exp'!$Z4,IF('[5]actual CWTs exp'!H4/'[5]actual CWTs exp'!$Z4>0,"- "," ")) | I8: =IF('[5]actual CWTs exp'!I4/'[5]actual CWTs exp'!$Z4>0.0005,'[5]actual CWTs exp'!I4/'[5]actual CWTs exp'!$Z4,IF('[5]actual CWTs exp'!I4/'[5]actual CWTs exp'!$Z4>0,"- "," ")) | J8: =IF('[5]actual CWTs exp'!J4/'[5]actual CWTs exp'!$Z4>0.0005,'[5]actual CWTs exp'!J4/'[5]actual CWTs exp'!$Z4,IF('[5]actual CWTs exp'!J4/'[5]actual CWTs exp'!$Z4>0,"- "," ")) | K8: =IF('[5]actual CWTs exp'!K4/'[5]actual CWTs exp'!$Z4>0.0005,'[5]actual CWTs exp'!K4/'[5]actual CWTs exp'!$Z4,IF('[5]actual CWTs exp'!K4/'[5]actual CWTs exp'!$Z4>0,"- "," ")) | L8: =IF('[5]actual CWTs exp'!L4/'[5]actual CWTs exp'!$Z4>0.0005,'[5]actual CWTs exp'!L4/'[5]actual CWTs exp'!$Z4,IF('[5]actual CWTs exp'!L4/'[5]actual CWTs exp'!$Z4>0,"- "," ")) | M8: =IF('[5]actual CWTs exp'!M4/'[5]actual CWTs exp'!$Z4>0.0005,'[5]actual CWTs exp'!M4/'[5]actual CWTs exp'!$Z4,IF('[5]actual CWTs exp'!M4/'[5]actual CWTs exp'!$Z4>0,"- "," ")) | N8: =IF('[5]actual CWTs exp'!N4/'[5]actual CWTs exp'!$Z4>0.0005,'[5]actual CWTs exp'!N4/'[5]actual CWTs exp'!$Z4,IF('[5]actual CWTs exp'!N4/'[5]actual CWTs exp'!$Z4>0,"- "," ")) | ... W8: =IF('[5]actual CWTs exp'!W4/'[5]actual CWTs exp'!$Z4>0.0005,'[5]actual CWTs exp'!W4/'[5]actual CWTs exp'!$Z4,IF('[5]actual CWTs exp'!W4/'[5]actual CWTs exp'!$Z4>0,"- "," ")) | X8: =SUM(E8:W8) -> 0.99410774 | Y8: =1-X8 -> 0.0058922559 | Z8: ='[5]actual CWTs exp'!Z4 -> 3564
A9: Coleman Hatchery | B9: CNFH | C9: 50 | D9: Fall | E9: =IF('[5]actual CWTs exp'!E6/'[5]actual CWTs exp'!$Z6>0.0005,'[5]actual CWTs exp'!E6/'[5]actual CWTs exp'!$Z6,IF('[5]actual CWTs exp'!E6/'[5]actual CWTs exp'!$Z6>0,"* "," ")) | F9: =IF('[5]actual CWTs exp'!F6/'[5]actual CWTs exp'!$Z6>0.0005,'[5]actual CWTs exp'!F6/'[5]actual CWTs exp'!$Z6,IF('[5]actual CWTs exp'!F6/'[5]actual CWTs exp'!$Z6>0,"- "," ")) | G9: =IF('[5]actual CWTs exp'!G6/'[5]actual CWTs exp'!$Z6>0.0005,'[5]actual CWTs exp'!G6/'[5]actual CWTs exp'!$Z6,IF('[5]actual CWTs exp'!G6/'[5]actual CWTs exp'!$Z6>0,"- "," ")) -> 0.89247707 | H9: =IF('[5]actual CWTs exp'!H6/'[5]actual CWTs exp'!$Z6>0.0005,'[5]actual CWTs exp'!H6/'[5]actual CWTs exp'!$Z6,IF('[5]actual CWTs exp'!H6/'[5]actual CWTs exp'!$Z6>0,"- "," ")) -> 0.014711291 | I9: =IF('[5]actual CWTs exp'!I6/'[5]actual CWTs exp'!$Z6>0.0005,'[5]actual CWTs exp'!I6/'[5]actual CWTs exp'!$Z6,IF('[5]actual CWTs exp'!I6/'[5]actual CWTs exp'!$Z6>0,"- "," ")) | J9: =IF('[5]actual CWTs exp'!J6/'[5]actual CWTs exp'!$Z6>0.0005,'[5]actual CWTs exp'!J6/'[5]actual CWTs exp'!$Z6,IF('[5]actual CWTs exp'!J6/'[5]actual CWTs exp'!$Z6>0,"- "," ")) -> - | K9: =IF('[5]actual CWTs exp'!K6/'[5]actual CWTs exp'!$Z6>0.0005,'[5]actual CWTs exp'!K6/'[5]actual CWTs exp'!$Z6,IF('[5]actual CWTs exp'!K6/'[5]actual CWTs exp'!$Z6>0,"- "," ")) | L9: =IF('[5]actual CWTs exp'!L6/'[5]actual CWTs exp'!$Z6>0.0005,'[5]actual CWTs exp'!L6/'[5]actual CWTs exp'!$Z6,IF('[5]actual CWTs exp'!L6/'[5]actual CWTs exp'!$Z6>0,"- "," ")) -> 0.006608217 | M9: =IF('[5]actual CWTs exp'!M6/'[5]actual CWTs exp'!$Z6>0.0005,'[5]actual CWTs exp'!M6/'[5]actual CWTs exp'!$Z6,IF('[5]actual CWTs exp'!M6/'[5]actual CWTs exp'!$Z6>0,"- "," ")) | ... W9: =IF('[5]actual CWTs exp'!W6/'[5]actual CWTs exp'!$Z6>0.0005,'[5]actual CWTs exp'!W6/'[5]actual CWTs exp'!$Z6,IF('[5]actual CWTs exp'!W6/'[5]actual CWTs exp'!$Z6>0,"- "," ")) | X9: =SUM(E9:W9) -> 0.91379658 | Y9: =1-X9 -> 0.086203419 | Z9: ='[5]actual CWTs exp'!Z6 -> 84289
A10: Feather River Hatchery | B10: FRFH | C10: 50 | D10: Fall | E10: =IF('[5]actual CWTs exp'!E7/'[5]actual CWTs exp'!$Z7>0.0005,'[5]actual CWTs exp'!E7/'[5]actual CWTs exp'!$Z7,IF('[5]actual CWTs exp'!E7/'[5]actual CWTs exp'!$Z7>0,"* "," ")) | F10: =IF('[5]actual CWTs exp'!F7/'[5]actual CWTs exp'!$Z7>0.0005,'[5]actual CWTs exp'!F7/'[5]actual CWTs exp'!$Z7,IF('[5]actual CWTs exp'!F7/'[5]actual CWTs exp'!$Z7>0,"- "," ")) | G10: =IF('[5]actual CWTs exp'!G7/'[5]actual CWTs exp'!$Z7>0.0005,'[5]actual CWTs exp'!G7/'[5]actual CWTs exp'!$Z7,IF('[5]actual CWTs exp'!G7/'[5]actual CWTs exp'!$Z7>0,"- "," ")) | H10: =IF('[5]actual CWTs exp'!H7/'[5]actual CWTs exp'!$Z7>0.0005,'[5]actual CWTs exp'!H7/'[5]actual CWTs exp'!$Z7,IF('[5]actual CWTs exp'!H7/'[5]actual CWTs exp'!$Z7>0,"- "," ")) -> 0.020113375 | I10: =IF('[5]actual CWTs exp'!I7/'[5]actual CWTs exp'!$Z7>0.0005,'[5]actual CWTs exp'!I7/'[5]actual CWTs exp'!$Z7,IF('[5]actual CWTs exp'!I7/'[5]actual CWTs exp'!$Z7>0,"- "," ")) -> 0.044306349 | J10: =IF('[5]actual CWTs exp'!J7/'[5]actual CWTs exp'!$Z7>0.0005,'[5]actual CWTs exp'!J7/'[5]actual CWTs exp'!$Z7,IF('[5]actual CWTs exp'!J7/'[5]actual CWTs exp'!$Z7>0,"- "," ")) -> 0.064396006 | K10: =IF('[5]actual CWTs exp'!K7/'[5]actual CWTs exp'!$Z7>0.0005,'[5]actual CWTs exp'!K7/'[5]actual CWTs exp'!$Z7,IF('[5]actual CWTs exp'!K7/'[5]actual CWTs exp'!$Z7>0,"- "," ")) -> 0.00061668366 | L10: =IF('[5]actual CWTs exp'!L7/'[5]actual CWTs exp'!$Z7>0.0005,'[5]actual CWTs exp'!L7/'[5]actual CWTs exp'!$Z7,IF('[5]actual CWTs exp'!L7/'[5]actual CWTs exp'!$Z7>0,"- "," ")) -> 0.81255188 | M10: =IF('[5]actual CWTs exp'!M7/'[5]actual CWTs exp'!$Z7>0.0005,'[5]actual CWTs exp'!M7/'[5]actual CWTs exp'!$Z7,IF('[5]actual CWTs exp'!M7/'[5]actual CWTs exp'!$Z7>0,"- "," ")) -> 0.00075899528 | ... W10: =IF('[5]actual CWTs exp'!W7/'[5]actual CWTs exp'!$Z7>0.0005,'[5]actual CWTs exp'!W7/'[5]actual CWTs exp'!$Z7,IF('[5]actual CWTs exp'!W7/'[5]actual CWTs exp'!$Z7>0,"- "," ")) -> - | X10: =SUM(E10:W10) -> 0.95825526 | Y10: =1-X10 -> 0.04174474 | Z10: ='[5]actual CWTs exp'!Z7 -> 42161
A11: Nimbus Hatchery | B11: NBFH | C11: 50 | D11: Fall | E11: =IF('[5]actual CWTs exp'!E8/'[5]actual CWTs exp'!$Z8>0.0005,'[5]actual CWTs exp'!E8/'[5]actual CWTs exp'!$Z8,IF('[5]actual CWTs exp'!E8/'[5]actual CWTs exp'!$Z8>0,"* "," ")) | F11: =IF('[5]actual CWTs exp'!F8/'[5]actual CWTs exp'!$Z8>0.0005,'[5]actual CWTs exp'!F8/'[5]actual CWTs exp'!$Z8,IF('[5]actual CWTs exp'!F8/'[5]actual CWTs exp'!$Z8>0,"- "," ")) | G11: =IF('[5]actual CWTs exp'!G8/'[5]actual CWTs exp'!$Z8>0.0005,'[5]actual CWTs exp'!G8/'[5]actual CWTs exp'!$Z8,IF('[5]actual CWTs exp'!G8/'[5]actual CWTs exp'!$Z8>0,"- "," ")) | H11: =IF('[5]actual CWTs exp'!H8/'[5]actual CWTs exp'!$Z8>0.0005,'[5]actual CWTs exp'!H8/'[5]actual CWTs exp'!$Z8,IF('[5]actual CWTs exp'!H8/'[5]actual CWTs exp'!$Z8>0,"- "," ")) -> 0.0047531598 | I11: =IF('[5]actual CWTs exp'!I8/'[5]actual CWTs exp'!$Z8>0.0005,'[5]actual CWTs exp'!I8/'[5]actual CWTs exp'!$Z8,IF('[5]actual CWTs exp'!I8/'[5]actual CWTs exp'!$Z8>0,"- "," ")) | J11: =IF('[5]actual CWTs exp'!J8/'[5]actual CWTs exp'!$Z8>0.0005,'[5]actual CWTs exp'!J8/'[5]actual CWTs exp'!$Z8,IF('[5]actual CWTs exp'!J8/'[5]actual CWTs exp'!$Z8>0,"- "," ")) | K11: =IF('[5]actual CWTs exp'!K8/'[5]actual CWTs exp'!$Z8>0.0005,'[5]actual CWTs exp'!K8/'[5]actual CWTs exp'!$Z8,IF('[5]actual CWTs exp'!K8/'[5]actual CWTs exp'!$Z8>0,"- "," ")) | L11: =IF('[5]actual CWTs exp'!L8/'[5]actual CWTs exp'!$Z8>0.0005,'[5]actual CWTs exp'!L8/'[5]actual CWTs exp'!$Z8,IF('[5]actual CWTs exp'!L8/'[5]actual CWTs exp'!$Z8>0,"- "," ")) -> 0.0034568435 | M11: =IF('[5]actual CWTs exp'!M8/'[5]actual CWTs exp'!$Z8>0.0005,'[5]actual CWTs exp'!M8/'[5]actual CWTs exp'!$Z8,IF('[5]actual CWTs exp'!M8/'[5]actual CWTs exp'!$Z8>0,"- "," ")) | ... W11: =IF('[5]actual CWTs exp'!W8/'[5]actual CWTs exp'!$Z8>0.0005,'[5]actual CWTs exp'!W8/'[5]actual CWTs exp'!$Z8,IF('[5]actual CWTs exp'!W8/'[5]actual CWTs exp'!$Z8>0,"- "," ")) | X11: =SUM(E11:W11) -> 0.85243599 | Y11: =1-X11 -> 0.14756401 | Z11: ='[5]actual CWTs exp'!Z8 -> 9257
A12: Nimbus Weir | B12: NIMW | C12: 50 | D12: Fall | E12: =IF('[5]actual CWTs exp'!E9/'[5]actual CWTs exp'!$Z9>0.0005,'[5]actual CWTs exp'!E9/'[5]actual CWTs exp'!$Z9,IF('[5]actual CWTs exp'!E9/'[5]actual CWTs exp'!$Z9>0,"* "," ")) | F12: =IF('[5]actual CWTs exp'!F9/'[5]actual CWTs exp'!$Z9>0.0005,'[5]actual CWTs exp'!F9/'[5]actual CWTs exp'!$Z9,IF('[5]actual CWTs exp'!F9/'[5]actual CWTs exp'!$Z9>0,"- "," ")) | G12: =IF('[5]actual CWTs exp'!G9/'[5]actual CWTs exp'!$Z9>0.0005,'[5]actual CWTs exp'!G9/'[5]actual CWTs exp'!$Z9,IF('[5]actual CWTs exp'!G9/'[5]actual CWTs exp'!$Z9>0,"- "," ")) | H12: =IF('[5]actual CWTs exp'!H9/'[5]actual CWTs exp'!$Z9>0.0005,'[5]actual CWTs exp'!H9/'[5]actual CWTs exp'!$Z9,IF('[5]actual CWTs exp'!H9/'[5]actual CWTs exp'!$Z9>0,"- "," ")) -> 0.05531481 | I12: =IF('[5]actual CWTs exp'!I9/'[5]actual CWTs exp'!$Z9>0.0005,'[5]actual CWTs exp'!I9/'[5]actual CWTs exp'!$Z9,IF('[5]actual CWTs exp'!I9/'[5]actual CWTs exp'!$Z9>0,"- "," ")) | J12: =IF('[5]actual CWTs exp'!J9/'[5]actual CWTs exp'!$Z9>0.0005,'[5]actual CWTs exp'!J9/'[5]actual CWTs exp'!$Z9,IF('[5]actual CWTs exp'!J9/'[5]actual CWTs exp'!$Z9>0,"- "," ")) -> 0.0094315575 | K12: =IF('[5]actual CWTs exp'!K9/'[5]actual CWTs exp'!$Z9>0.0005,'[5]actual CWTs exp'!K9/'[5]actual CWTs exp'!$Z9,IF('[5]actual CWTs exp'!K9/'[5]actual CWTs exp'!$Z9>0,"- "," ")) -> - | L12: =IF('[5]actual CWTs exp'!L9/'[5]actual CWTs exp'!$Z9>0.0005,'[5]actual CWTs exp'!L9/'[5]actual CWTs exp'!$Z9,IF('[5]actual CWTs exp'!L9/'[5]actual CWTs exp'!$Z9>0,"- "," ")) -> 0.035941881 | M12: =IF('[5]actual CWTs exp'!M9/'[5]actual CWTs exp'!$Z9>0.0005,'[5]actual CWTs exp'!M9/'[5]actual CWTs exp'!$Z9,IF('[5]actual CWTs exp'!M9/'[5]actual CWTs exp'!$Z9>0,"- "," ")) | ... W12: =IF('[5]actual CWTs exp'!W9/'[5]actual CWTs exp'!$Z9>0.0005,'[5]actual CWTs exp'!W9/'[5]actual CWTs exp'!$Z9,IF('[5]actual CWTs exp'!W9/'[5]actual CWTs exp'!$Z9>0,"- "," ")) | X12: =SUM(E12:W12) -> 0.6701504 | Y12: =1-X12 -> 0.3298496 | Z12: ='[5]actual CWTs exp'!Z9 -> 3923
A13: Mokelumne Hatchery | B13: MRFI | C13: 50 | D13: Fall | E13: =IF('[5]actual CWTs exp'!E10/'[5]actual CWTs exp'!$Z10>0.0005,'[5]actual CWTs exp'!E10/'[5]actual CWTs exp'!$Z10,IF('[5]actual CWTs exp'!E10/'[5]actual CWTs exp'!$Z10>0,"* "," ")) | F13: =IF('[5]actual CWTs exp'!F10/'[5]actual CWTs exp'!$Z10>0.0005,'[5]actual CWTs exp'!F10/'[5]actual CWTs exp'!$Z10,IF('[5]actual CWTs exp'!F10/'[5]actual CWTs exp'!$Z10>0,"- "," ")) | G13: =IF('[5]actual CWTs exp'!G10/'[5]actual CWTs exp'!$Z10>0.0005,'[5]actual CWTs exp'!G10/'[5]actual CWTs exp'!$Z10,IF('[5]actual CWTs exp'!G10/'[5]actual CWTs exp'!$Z10>0,"- "," ")) | H13: =IF('[5]actual CWTs exp'!H10/'[5]actual CWTs exp'!$Z10>0.0005,'[5]actual CWTs exp'!H10/'[5]actual CWTs exp'!$Z10,IF('[5]actual CWTs exp'!H10/'[5]actual CWTs exp'!$Z10>0,"- "," ")) -> 0.014652568 | I13: =IF('[5]actual CWTs exp'!I10/'[5]actual CWTs exp'!$Z10>0.0005,'[5]actual CWTs exp'!I10/'[5]actual CWTs exp'!$Z10,IF('[5]actual CWTs exp'!I10/'[5]actual CWTs exp'!$Z10>0,"- "," ")) | J13: =IF('[5]actual CWTs exp'!J10/'[5]actual CWTs exp'!$Z10>0.0005,'[5]actual CWTs exp'!J10/'[5]actual CWTs exp'!$Z10,IF('[5]actual CWTs exp'!J10/'[5]actual CWTs exp'!$Z10>0,"- "," ")) -> - | K13: =IF('[5]actual CWTs exp'!K10/'[5]actual CWTs exp'!$Z10>0.0005,'[5]actual CWTs exp'!K10/'[5]actual CWTs exp'!$Z10,IF('[5]actual CWTs exp'!K10/'[5]actual CWTs exp'!$Z10>0,"- "," ")) | L13: =IF('[5]actual CWTs exp'!L10/'[5]actual CWTs exp'!$Z10>0.0005,'[5]actual CWTs exp'!L10/'[5]actual CWTs exp'!$Z10,IF('[5]actual CWTs exp'!L10/'[5]actual CWTs exp'!$Z10>0,"- "," ")) -> 0.0049848943 | M13: =IF('[5]actual CWTs exp'!M10/'[5]actual CWTs exp'!$Z10>0.0005,'[5]actual CWTs exp'!M10/'[5]actual CWTs exp'!$Z10,IF('[5]actual CWTs exp'!M10/'[5]actual CWTs exp'!$Z10>0,"- "," ")) -> - | ... W13: =IF('[5]actual CWTs exp'!W10/'[5]actual CWTs exp'!$Z10>0.0005,'[5]actual CWTs exp'!W10/'[5]actual CWTs exp'!$Z10,IF('[5]actual CWTs exp'!W10/'[5]actual CWTs exp'!$Z10>0,"- "," ")) | X13: =SUM(E13:W13) -> 0.95785498 | Y13: =1-X13 -> 0.042145015 | Z13: ='[5]actual CWTs exp'!Z10 -> 6620
A14: Merced Hatchery | B14: MRFF | C14: 50 | D14: Fall | E14: =IF('[5]actual CWTs exp'!E11/'[5]actual CWTs exp'!$Z11>0.0005,'[5]actual CWTs exp'!E11/'[5]actual CWTs exp'!$Z11,IF('[5]actual CWTs exp'!E11/'[5]actual CWTs exp'!$Z11>0,"* "," ")) | F14: =IF('[5]actual CWTs exp'!F11/'[5]actual CWTs exp'!$Z11>0.0005,'[5]actual CWTs exp'!F11/'[5]actual CWTs exp'!$Z11,IF('[5]actual CWTs exp'!F11/'[5]actual CWTs exp'!$Z11>0,"- "," ")) -> 0.001 | G14: =IF('[5]actual CWTs exp'!G11/'[5]actual CWTs exp'!$Z11>0.0005,'[5]actual CWTs exp'!G11/'[5]actual CWTs exp'!$Z11,IF('[5]actual CWTs exp'!G11/'[5]actual CWTs exp'!$Z11>0,"- "," ")) | H14: =IF('[5]actual CWTs exp'!H11/'[5]actual CWTs exp'!$Z11>0.0005,'[5]actual CWTs exp'!H11/'[5]actual CWTs exp'!$Z11,IF('[5]actual CWTs exp'!H11/'[5]actual CWTs exp'!$Z11>0,"- "," ")) -> 0.016 | I14: =IF('[5]actual CWTs exp'!I11/'[5]actual CWTs exp'!$Z11>0.0005,'[5]actual CWTs exp'!I11/'[5]actual CWTs exp'!$Z11,IF('[5]actual CWTs exp'!I11/'[5]actual CWTs exp'!$Z11>0,"- "," ")) | J14: =IF('[5]actual CWTs exp'!J11/'[5]actual CWTs exp'!$Z11>0.0005,'[5]actual CWTs exp'!J11/'[5]actual CWTs exp'!$Z11,IF('[5]actual CWTs exp'!J11/'[5]actual CWTs exp'!$Z11>0,"- "," ")) | K14: =IF('[5]actual CWTs exp'!K11/'[5]actual CWTs exp'!$Z11>0.0005,'[5]actual CWTs exp'!K11/'[5]actual CWTs exp'!$Z11,IF('[5]actual CWTs exp'!K11/'[5]actual CWTs exp'!$Z11>0,"- "," ")) | L14: =IF('[5]actual CWTs exp'!L11/'[5]actual CWTs exp'!$Z11>0.0005,'[5]actual CWTs exp'!L11/'[5]actual CWTs exp'!$Z11,IF('[5]actual CWTs exp'!L11/'[5]actual CWTs exp'!$Z11>0,"- "," ")) -> 0.008 | M14: =IF('[5]actual CWTs exp'!M11/'[5]actual CWTs exp'!$Z11>0.0005,'[5]actual CWTs exp'!M11/'[5]actual CWTs exp'!$Z11,IF('[5]actual CWTs exp'!M11/'[5]actual CWTs exp'!$Z11>0,"- "," ")) | ... W14: =IF('[5]actual CWTs exp'!W11/'[5]actual CWTs exp'!$Z11>0.0005,'[5]actual CWTs exp'!W11/'[5]actual CWTs exp'!$Z11,IF('[5]actual CWTs exp'!W11/'[5]actual CWTs exp'!$Z11>0,"- "," ")) | X14: =SUM(E14:W14) -> 0.789 | Y14: =1-X14 -> 0.211 | Z14: ='[5]actual CWTs exp'!Z11 -> 1000
A15: Total Hatchery Fall Run | E15: =IF('[5]actual CWTs exp'!E12/'[5]actual CWTs exp'!$Z12>0.0005,'[5]actual CWTs exp'!E12/'[5]actual CWTs exp'!$Z12,IF('[5]actual CWTs exp'!E12/'[5]actual CWTs exp'!$Z12>0,"- "," ")) | F15: =IF('[5]actual CWTs exp'!F12/'[5]actual CWTs exp'!$Z12>0.0005,'[5]actual CWTs exp'!F12/'[5]actual CWTs exp'!$Z12,IF('[5]actual CWTs exp'!F12/'[5]actual CWTs exp'!$Z12>0,"- "," ")) -> - | G15: =IF('[5]actual CWTs exp'!G12/'[5]actual CWTs exp'!$Z12>0.0005,'[5]actual CWTs exp'!G12/'[5]actual CWTs exp'!$Z12,IF('[5]actual CWTs exp'!G12/'[5]actual CWTs exp'!$Z12>0,"- "," ")) -> 0.51087267 | H15: =IF('[5]actual CWTs exp'!H12/'[5]actual CWTs exp'!$Z12>0.0005,'[5]actual CWTs exp'!H12/'[5]actual CWTs exp'!$Z12,IF('[5]actual CWTs exp'!H12/'[5]actual CWTs exp'!$Z12>0,"- "," ")) -> 0.016719864 | I15: =IF('[5]actual CWTs exp'!I12/'[5]actual CWTs exp'!$Z12>0.0005,'[5]actual CWTs exp'!I12/'[5]actual CWTs exp'!$Z12,IF('[5]actual CWTs exp'!I12/'[5]actual CWTs exp'!$Z12>0,"- "," ")) -> 0.012685908 | J15: =IF('[5]actual CWTs exp'!J12/'[5]actual CWTs exp'!$Z12>0.0005,'[5]actual CWTs exp'!J12/'[5]actual CWTs exp'!$Z12,IF('[5]actual CWTs exp'!J12/'[5]actual CWTs exp'!$Z12>0,"- "," ")) -> 0.018811545 | K15: =IF('[5]actual CWTs exp'!K12/'[5]actual CWTs exp'!$Z12>0.0005,'[5]actual CWTs exp'!K12/'[5]actual CWTs exp'!$Z12,IF('[5]actual CWTs exp'!K12/'[5]actual CWTs exp'!$Z12>0,"- "," ")) -> - | L15: =IF('[5]actual CWTs exp'!L12/'[5]actual CWTs exp'!$Z12>0.0005,'[5]actual CWTs exp'!L12/'[5]actual CWTs exp'!$Z12,IF('[5]actual CWTs exp'!L12/'[5]actual CWTs exp'!$Z12>0,"- "," ")) -> 0.23788795 | ... W15: =IF('[5]actual CWTs exp'!W12/'[5]actual CWTs exp'!$Z12>0.0005,'[5]actual CWTs exp'!W12/'[5]actual CWTs exp'!$Z12,IF('[5]actual CWTs exp'!W12/'[5]actual CWTs exp'!$Z12>0,"- "," ")) -> - | X15: =IF('[5]actual CWTs exp'!X12>0,'[5]actual CWTs exp'!X12/'[5]actual CWTs exp'!$Z12," ") -> 0.91764346 | Y15: =IF('[5]actual CWTs exp'!Y12>0,'[5]actual CWTs exp'!Y12/'[5]actual CWTs exp'!$Z12," ") -> 0.082356537 | Z15: ='[5]actual CWTs exp'!Z12 -> 147250
A17: Natural Spawners | Z17: ='[5]actual CWTs exp'!Z13 -> 0
A18: Butte Creek | D18: Spring | E18: =IF('[5]actual CWTs exp'!E14/'[5]actual CWTs exp'!$Z14>0.0005,'[5]actual CWTs exp'!E14/'[5]actual CWTs exp'!$Z14,IF('[5]actual CWTs exp'!E14/'[5]actual CWTs exp'!$Z14>0,"- "," ")) | F18: =IF('[5]actual CWTs exp'!F14/'[5]actual CWTs exp'!$Z14>0.0005,'[5]actual CWTs exp'!F14/'[5]actual CWTs exp'!$Z14,IF('[5]actual CWTs exp'!F14/'[5]actual CWTs exp'!$Z14>0,"- "," ")) | G18: =IF('[5]actual CWTs exp'!G14/'[5]actual CWTs exp'!$Z14>0.0005,'[5]actual CWTs exp'!G14/'[5]actual CWTs exp'!$Z14,IF('[5]actual CWTs exp'!G14/'[5]actual CWTs exp'!$Z14>0,"- "," ")) | H18: =IF('[5]actual CWTs exp'!H14/'[5]actual CWTs exp'!$Z14>0.0005,'[5]actual CWTs exp'!H14/'[5]actual CWTs exp'!$Z14,IF('[5]actual CWTs exp'!H14/'[5]actual CWTs exp'!$Z14>0,"- "," ")) | I18: =IF('[5]actual CWTs exp'!I14/'[5]actual CWTs exp'!$Z14>0.0005,'[5]actual CWTs exp'!I14/'[5]actual CWTs exp'!$Z14,IF('[5]actual CWTs exp'!I14/'[5]actual CWTs exp'!$Z14>0,"- "," ")) | J18: =IF('[5]actual CWTs exp'!J14/'[5]actual CWTs exp'!$Z14>0.0005,'[5]actual CWTs exp'!J14/'[5]actual CWTs exp'!$Z14,IF('[5]actual CWTs exp'!J14/'[5]actual CWTs exp'!$Z14>0,"- "," ")) | K18: =IF('[5]actual CWTs exp'!K14/'[5]actual CWTs exp'!$Z14>0.0005,'[5]actual CWTs exp'!K14/'[5]actual CWTs exp'!$Z14,IF('[5]actual CWTs exp'!K14/'[5]actual CWTs exp'!$Z14>0,"- "," ")) | L18: =IF('[5]actual CWTs exp'!L14/'[5]actual CWTs exp'!$Z14>0.0005,'[5]actual CWTs exp'!L14/'[5]actual CWTs exp'!$Z14,IF('[5]actual CWTs exp'!L14/'[5]actual CWTs exp'!$Z14>0,"- "," ")) | ... W18: =IF('[5]actual CWTs exp'!W14/'[5]actual CWTs exp'!$Z14>0.0005,'[5]actual CWTs exp'!W14/'[5]actual CWTs exp'!$Z14,IF('[5]actual CWTs exp'!W14/'[5]actual CWTs exp'!$Z14>0,"- "," ")) | X18: 1e-05 | Y18: 1 | Z18: 16140
A19: Upper Sacramento River | B19: USAC | C19: 54 | D19: Winter | E19: =IF('[5]actual CWTs exp'!E15/'[5]actual CWTs exp'!$Z15>0.0005,'[5]actual CWTs exp'!E15/'[5]actual CWTs exp'!$Z15,IF('[5]actual CWTs exp'!E15/'[5]actual CWTs exp'!$Z15>0,"- "," ")) -> 0.28715837 | F19: =IF('[5]actual CWTs exp'!F15/'[5]actual CWTs exp'!$Z15>0.0005,'[5]actual CWTs exp'!F15/'[5]actual CWTs exp'!$Z15,IF('[5]actual CWTs exp'!F15/'[5]actual CWTs exp'!$Z15>0,"- "," ")) | G19: =IF('[5]actual CWTs exp'!G15/'[5]actual CWTs exp'!$Z15>0.0005,'[5]actual CWTs exp'!G15/'[5]actual CWTs exp'!$Z15,IF('[5]actual CWTs exp'!G15/'[5]actual CWTs exp'!$Z15>0,"- "," ")) | H19: =IF('[5]actual CWTs exp'!H15/'[5]actual CWTs exp'!$Z15>0.0005,'[5]actual CWTs exp'!H15/'[5]actual CWTs exp'!$Z15,IF('[5]actual CWTs exp'!H15/'[5]actual CWTs exp'!$Z15>0,"- "," ")) | I19: =IF('[5]actual CWTs exp'!I15/'[5]actual CWTs exp'!$Z15>0.0005,'[5]actual CWTs exp'!I15/'[5]actual CWTs exp'!$Z15,IF('[5]actual CWTs exp'!I15/'[5]actual CWTs exp'!$Z15>0,"- "," ")) | J19: =IF('[5]actual CWTs exp'!J15/'[5]actual CWTs exp'!$Z15>0.0005,'[5]actual CWTs exp'!J15/'[5]actual CWTs exp'!$Z15,IF('[5]actual CWTs exp'!J15/'[5]actual CWTs exp'!$Z15>0,"- "," ")) | K19: =IF('[5]actual CWTs exp'!K15/'[5]actual CWTs exp'!$Z15>0.0005,'[5]actual CWTs exp'!K15/'[5]actual CWTs exp'!$Z15,IF('[5]actual CWTs exp'!K15/'[5]actual CWTs exp'!$Z15>0,"- "," ")) | L19: =IF('[5]actual CWTs exp'!L15/'[5]actual CWTs exp'!$Z15>0.0005,'[5]actual CWTs exp'!L15/'[5]actual CWTs exp'!$Z15,IF('[5]actual CWTs exp'!L15/'[5]actual CWTs exp'!$Z15>0,"- "," ")) | ... W19: =IF('[5]actual CWTs exp'!W15/'[5]actual CWTs exp'!$Z15>0.0005,'[5]actual CWTs exp'!W15/'[5]actual CWTs exp'!$Z15,IF('[5]actual CWTs exp'!W15/'[5]actual CWTs exp'!$Z15>0,"- "," ")) | X19: =SUM(E19:W19) -> 0.28715837 | Y19: =1-X19 -> 0.71284163 | Z19: ='[5]actual CWTs exp'!Z15 -> 2671
A20: Upper Sacramento River | B20: USAC | C20: 54 | D20: Late | E20: =IF('[5]actual CWTs exp'!E16/'[5]actual CWTs exp'!$Z16>0.0005,'[5]actual CWTs exp'!E16/'[5]actual CWTs exp'!$Z16,IF('[5]actual CWTs exp'!E16/'[5]actual CWTs exp'!$Z16>0,"- "," ")) | F20: =IF('[5]actual CWTs exp'!F16/'[5]actual CWTs exp'!$Z16>0.0005,'[5]actual CWTs exp'!F16/'[5]actual CWTs exp'!$Z16,IF('[5]actual CWTs exp'!F16/'[5]actual CWTs exp'!$Z16>0,"- "," ")) -> 0.041897838 | G20: =IF('[5]actual CWTs exp'!G16/'[5]actual CWTs exp'!$Z16>0.0005,'[5]actual CWTs exp'!G16/'[5]actual CWTs exp'!$Z16,IF('[5]actual CWTs exp'!G16/'[5]actual CWTs exp'!$Z16>0,"- "," ")) | H20: =IF('[5]actual CWTs exp'!H16/'[5]actual CWTs exp'!$Z16>0.0005,'[5]actual CWTs exp'!H16/'[5]actual CWTs exp'!$Z16,IF('[5]actual CWTs exp'!H16/'[5]actual CWTs exp'!$Z16>0,"- "," ")) | I20: =IF('[5]actual CWTs exp'!I16/'[5]actual CWTs exp'!$Z16>0.0005,'[5]actual CWTs exp'!I16/'[5]actual CWTs exp'!$Z16,IF('[5]actual CWTs exp'!I16/'[5]actual CWTs exp'!$Z16>0,"- "," ")) | J20: =IF('[5]actual CWTs exp'!J16/'[5]actual CWTs exp'!$Z16>0.0005,'[5]actual CWTs exp'!J16/'[5]actual CWTs exp'!$Z16,IF('[5]actual CWTs exp'!J16/'[5]actual CWTs exp'!$Z16>0,"- "," ")) | K20: =IF('[5]actual CWTs exp'!K16/'[5]actual CWTs exp'!$Z16>0.0005,'[5]actual CWTs exp'!K16/'[5]actual CWTs exp'!$Z16,IF('[5]actual CWTs exp'!K16/'[5]actual CWTs exp'!$Z16>0,"- "," ")) | L20: =IF('[5]actual CWTs exp'!L16/'[5]actual CWTs exp'!$Z16>0.0005,'[5]actual CWTs exp'!L16/'[5]actual CWTs exp'!$Z16,IF('[5]actual CWTs exp'!L16/'[5]actual CWTs exp'!$Z16>0,"- "," ")) | ... W20: =IF('[5]actual CWTs exp'!W16/'[5]actual CWTs exp'!$Z16>0.0005,'[5]actual CWTs exp'!W16/'[5]actual CWTs exp'!$Z16,IF('[5]actual CWTs exp'!W16/'[5]actual CWTs exp'!$Z16>0,"- "," ")) | X20: =SUM(E20:W20) -> 0.041897838 | Y20: =1-X20 -> 0.95810216 | Z20: ='[5]actual CWTs exp'!Z16 -> 5227
A21: Upper Sacramento River | B21: USAC | C21: 54 | D21: Fall | E21: =IF('[5]actual CWTs exp'!E17/'[5]actual CWTs exp'!$Z17>0.0005,'[5]actual CWTs exp'!E17/'[5]actual CWTs exp'!$Z17,IF('[5]actual CWTs exp'!E17/'[5]actual CWTs exp'!$Z17>0,"- "," ")) | F21: =IF('[5]actual CWTs exp'!F17/'[5]actual CWTs exp'!$Z17>0.0005,'[5]actual CWTs exp'!F17/'[5]actual CWTs exp'!$Z17,IF('[5]actual CWTs exp'!F17/'[5]actual CWTs exp'!$Z17>0,"- "," ")) | G21: =IF('[5]actual CWTs exp'!G17/'[5]actual CWTs exp'!$Z17>0.0005,'[5]actual CWTs exp'!G17/'[5]actual CWTs exp'!$Z17,IF('[5]actual CWTs exp'!G17/'[5]actual CWTs exp'!$Z17>0,"- "," ")) -> 0.24394919 | H21: =IF('[5]actual CWTs exp'!H17/'[5]actual CWTs exp'!$Z17>0.0005,'[5]actual CWTs exp'!H17/'[5]actual CWTs exp'!$Z17,IF('[5]actual CWTs exp'!H17/'[5]actual CWTs exp'!$Z17>0,"- "," ")) -> 0.050991754 | I21: =IF('[5]actual CWTs exp'!I17/'[5]actual CWTs exp'!$Z17>0.0005,'[5]actual CWTs exp'!I17/'[5]actual CWTs exp'!$Z17,IF('[5]actual CWTs exp'!I17/'[5]actual CWTs exp'!$Z17>0,"- "," ")) | J21: =IF('[5]actual CWTs exp'!J17/'[5]actual CWTs exp'!$Z17>0.0005,'[5]actual CWTs exp'!J17/'[5]actual CWTs exp'!$Z17,IF('[5]actual CWTs exp'!J17/'[5]actual CWTs exp'!$Z17>0,"- "," ")) -> 0.039893024 | K21: =IF('[5]actual CWTs exp'!K17/'[5]actual CWTs exp'!$Z17>0.0005,'[5]actual CWTs exp'!K17/'[5]actual CWTs exp'!$Z17,IF('[5]actual CWTs exp'!K17/'[5]actual CWTs exp'!$Z17>0,"- "," ")) | L21: =IF('[5]actual CWTs exp'!L17/'[5]actual CWTs exp'!$Z17>0.0005,'[5]actual CWTs exp'!L17/'[5]actual CWTs exp'!$Z17,IF('[5]actual CWTs exp'!L17/'[5]actual CWTs exp'!$Z17>0,"- "," ")) -> 0.33055494 | ... W21: =IF('[5]actual CWTs exp'!W17/'[5]actual CWTs exp'!$Z17>0.0005,'[5]actual CWTs exp'!W17/'[5]actual CWTs exp'!$Z17,IF('[5]actual CWTs exp'!W17/'[5]actual CWTs exp'!$Z17>0,"- "," ")) | X21: =SUM(E21:W21) -> 0.67394696 | Y21: =1-X21 -> 0.32605304 | Z21: ='[5]actual CWTs exp'!Z17 -> 22435
A22: Clear Creek | B22: CLR | C22: 54 | D22: Fall | E22: =IF('[5]actual CWTs exp'!E18/'[5]actual CWTs exp'!$Z18>0.0005,'[5]actual CWTs exp'!E18/'[5]actual CWTs exp'!$Z18,IF('[5]actual CWTs exp'!E18/'[5]actual CWTs exp'!$Z18>0,"- "," ")) | F22: =IF('[5]actual CWTs exp'!F18/'[5]actual CWTs exp'!$Z18>0.0005,'[5]actual CWTs exp'!F18/'[5]actual CWTs exp'!$Z18,IF('[5]actual CWTs exp'!F18/'[5]actual CWTs exp'!$Z18>0,"- "," ")) | G22: =IF('[5]actual CWTs exp'!G18/'[5]actual CWTs exp'!$Z18>0.0005,'[5]actual CWTs exp'!G18/'[5]actual CWTs exp'!$Z18,IF('[5]actual CWTs exp'!G18/'[5]actual CWTs exp'!$Z18>0,"- "," ")) -> 0.093434674 | H22: =IF('[5]actual CWTs exp'!H18/'[5]actual CWTs exp'!$Z18>0.0005,'[5]actual CWTs exp'!H18/'[5]actual CWTs exp'!$Z18,IF('[5]actual CWTs exp'!H18/'[5]actual CWTs exp'!$Z18>0,"- "," ")) -> 0.043637793 | I22: =IF('[5]actual CWTs exp'!I18/'[5]actual CWTs exp'!$Z18>0.0005,'[5]actual CWTs exp'!I18/'[5]actual CWTs exp'!$Z18,IF('[5]actual CWTs exp'!I18/'[5]actual CWTs exp'!$Z18>0,"- "," ")) | J22: =IF('[5]actual CWTs exp'!J18/'[5]actual CWTs exp'!$Z18>0.0005,'[5]actual CWTs exp'!J18/'[5]actual CWTs exp'!$Z18,IF('[5]actual CWTs exp'!J18/'[5]actual CWTs exp'!$Z18>0,"- "," ")) -> 0.0048486437 | K22: =IF('[5]actual CWTs exp'!K18/'[5]actual CWTs exp'!$Z18>0.0005,'[5]actual CWTs exp'!K18/'[5]actual CWTs exp'!$Z18,IF('[5]actual CWTs exp'!K18/'[5]actual CWTs exp'!$Z18>0,"- "," ")) | L22: =IF('[5]actual CWTs exp'!L18/'[5]actual CWTs exp'!$Z18>0.0005,'[5]actual CWTs exp'!L18/'[5]actual CWTs exp'!$Z18,IF('[5]actual CWTs exp'!L18/'[5]actual CWTs exp'!$Z18>0,"- "," ")) -> 0.24387367 | ... W22: =IF('[5]actual CWTs exp'!W18/'[5]actual CWTs exp'!$Z18>0.0005,'[5]actual CWTs exp'!W18/'[5]actual CWTs exp'!$Z18,IF('[5]actual CWTs exp'!W18/'[5]actual CWTs exp'!$Z18>0,"- "," ")) | X22: =SUM(E22:W22) -> 0.39601625 | Y22: =1-X22 -> 0.60398375 | Z22: ='[5]actual CWTs exp'!Z18 -> 7631
A23: Cottonwood Creek | B23: COT | C23: 54 | D23: Fall | E23: =IF('[5]actual CWTs exp'!E19/'[5]actual CWTs exp'!$Z19>0.0005,'[5]actual CWTs exp'!E19/'[5]actual CWTs exp'!$Z19,IF('[5]actual CWTs exp'!E19/'[5]actual CWTs exp'!$Z19>0,"- "," ")) | F23: =IF('[5]actual CWTs exp'!F19/'[5]actual CWTs exp'!$Z19>0.0005,'[5]actual CWTs exp'!F19/'[5]actual CWTs exp'!$Z19,IF('[5]actual CWTs exp'!F19/'[5]actual CWTs exp'!$Z19>0,"- "," ")) | G23: =IF('[5]actual CWTs exp'!G19/'[5]actual CWTs exp'!$Z19>0.0005,'[5]actual CWTs exp'!G19/'[5]actual CWTs exp'!$Z19,IF('[5]actual CWTs exp'!G19/'[5]actual CWTs exp'!$Z19>0,"- "," ")) -> 0.10211268 | H23: =IF('[5]actual CWTs exp'!H19/'[5]actual CWTs exp'!$Z19>0.0005,'[5]actual CWTs exp'!H19/'[5]actual CWTs exp'!$Z19,IF('[5]actual CWTs exp'!H19/'[5]actual CWTs exp'!$Z19>0,"- "," ")) -> 0.070031299 | I23: =IF('[5]actual CWTs exp'!I19/'[5]actual CWTs exp'!$Z19>0.0005,'[5]actual CWTs exp'!I19/'[5]actual CWTs exp'!$Z19,IF('[5]actual CWTs exp'!I19/'[5]actual CWTs exp'!$Z19>0,"- "," ")) | J23: =IF('[5]actual CWTs exp'!J19/'[5]actual CWTs exp'!$Z19>0.0005,'[5]actual CWTs exp'!J19/'[5]actual CWTs exp'!$Z19,IF('[5]actual CWTs exp'!J19/'[5]actual CWTs exp'!$Z19>0,"- "," ")) | K23: =IF('[5]actual CWTs exp'!K19/'[5]actual CWTs exp'!$Z19>0.0005,'[5]actual CWTs exp'!K19/'[5]actual CWTs exp'!$Z19,IF('[5]actual CWTs exp'!K19/'[5]actual CWTs exp'!$Z19>0,"- "," ")) | L23: =IF('[5]actual CWTs exp'!L19/'[5]actual CWTs exp'!$Z19>0.0005,'[5]actual CWTs exp'!L19/'[5]actual CWTs exp'!$Z19,IF('[5]actual CWTs exp'!L19/'[5]actual CWTs exp'!$Z19>0,"- "," ")) -> 0.14710485 | ... W23: =IF('[5]actual CWTs exp'!W19/'[5]actual CWTs exp'!$Z19>0.0005,'[5]actual CWTs exp'!W19/'[5]actual CWTs exp'!$Z19,IF('[5]actual CWTs exp'!W19/'[5]actual CWTs exp'!$Z19>0,"- "," ")) | X23: =SUM(E23:W23) -> 0.32081377 | Y23: =1-X23 -> 0.67918623 | Z23: ='[5]actual CWTs exp'!Z19 -> 2556
A24: Mill Creekᶜ | B24: MLC | C24: 54 | D24: Fall | E24: =IF('[5]actual CWTs exp'!E20/'[5]actual CWTs exp'!$Z20>0.0005,'[5]actual CWTs exp'!E20/'[5]actual CWTs exp'!$Z20,IF('[5]actual CWTs exp'!E20/'[5]actual CWTs exp'!$Z20>0,"- "," ")) | F24: =IF('[5]actual CWTs exp'!F20/'[5]actual CWTs exp'!$Z20>0.0005,'[5]actual CWTs exp'!F20/'[5]actual CWTs exp'!$Z20,IF('[5]actual CWTs exp'!F20/'[5]actual CWTs exp'!$Z20>0,"- "," ")) | G24: =IF('[5]actual CWTs exp'!G20/'[5]actual CWTs exp'!$Z20>0.0005,'[5]actual CWTs exp'!G20/'[5]actual CWTs exp'!$Z20,IF('[5]actual CWTs exp'!G20/'[5]actual CWTs exp'!$Z20>0,"- "," ")) -> 0.008988764 | H24: =IF('[5]actual CWTs exp'!H20/'[5]actual CWTs exp'!$Z20>0.0005,'[5]actual CWTs exp'!H20/'[5]actual CWTs exp'!$Z20,IF('[5]actual CWTs exp'!H20/'[5]actual CWTs exp'!$Z20>0,"- "," ")) -> 0.004494382 | I24: =IF('[5]actual CWTs exp'!I20/'[5]actual CWTs exp'!$Z20>0.0005,'[5]actual CWTs exp'!I20/'[5]actual CWTs exp'!$Z20,IF('[5]actual CWTs exp'!I20/'[5]actual CWTs exp'!$Z20>0,"- "," ")) | J24: =IF('[5]actual CWTs exp'!J20/'[5]actual CWTs exp'!$Z20>0.0005,'[5]actual CWTs exp'!J20/'[5]actual CWTs exp'!$Z20,IF('[5]actual CWTs exp'!J20/'[5]actual CWTs exp'!$Z20>0,"- "," ")) | K24: =IF('[5]actual CWTs exp'!K20/'[5]actual CWTs exp'!$Z20>0.0005,'[5]actual CWTs exp'!K20/'[5]actual CWTs exp'!$Z20,IF('[5]actual CWTs exp'!K20/'[5]actual CWTs exp'!$Z20>0,"- "," ")) | L24: =IF('[5]actual CWTs exp'!L20/'[5]actual CWTs exp'!$Z20>0.0005,'[5]actual CWTs exp'!L20/'[5]actual CWTs exp'!$Z20,IF('[5]actual CWTs exp'!L20/'[5]actual CWTs exp'!$Z20>0,"- "," ")) -> 0.008988764 | ... W24: =IF('[5]actual CWTs exp'!W20/'[5]actual CWTs exp'!$Z20>0.0005,'[5]actual CWTs exp'!W20/'[5]actual CWTs exp'!$Z20,IF('[5]actual CWTs exp'!W20/'[5]actual CWTs exp'!$Z20>0,"- "," ")) | X24: =SUM(E24:W24) -> 0.026966292 | Y24: =1-X24 -> 0.97303371 | Z24: ='[5]actual CWTs exp'!Z20 -> 890
A25: Battle Creekᵈ | D25: Fall | E25: =IF('[5]actual CWTs exp'!E21/'[5]actual CWTs exp'!$Z21>0.0005,'[5]actual CWTs exp'!E21/'[5]actual CWTs exp'!$Z21,IF('[5]actual CWTs exp'!E21/'[5]actual CWTs exp'!$Z21>0,"- "," ")) | F25: =IF('[5]actual CWTs exp'!F21/'[5]actual CWTs exp'!$Z21>0.0005,'[5]actual CWTs exp'!F21/'[5]actual CWTs exp'!$Z21,IF('[5]actual CWTs exp'!F21/'[5]actual CWTs exp'!$Z21>0,"- "," ")) | G25: =IF('[5]actual CWTs exp'!G21/'[5]actual CWTs exp'!$Z21>0.0005,'[5]actual CWTs exp'!G21/'[5]actual CWTs exp'!$Z21,IF('[5]actual CWTs exp'!G21/'[5]actual CWTs exp'!$Z21>0,"- "," ")) -> 0.89247707 | H25: =IF('[5]actual CWTs exp'!H21/'[5]actual CWTs exp'!$Z21>0.0005,'[5]actual CWTs exp'!H21/'[5]actual CWTs exp'!$Z21,IF('[5]actual CWTs exp'!H21/'[5]actual CWTs exp'!$Z21>0,"- "," ")) -> 0.014711291 | I25: =IF('[5]actual CWTs exp'!I21/'[5]actual CWTs exp'!$Z21>0.0005,'[5]actual CWTs exp'!I21/'[5]actual CWTs exp'!$Z21,IF('[5]actual CWTs exp'!I21/'[5]actual CWTs exp'!$Z21>0,"- "," ")) | J25: =IF('[5]actual CWTs exp'!J21/'[5]actual CWTs exp'!$Z21>0.0005,'[5]actual CWTs exp'!J21/'[5]actual CWTs exp'!$Z21,IF('[5]actual CWTs exp'!J21/'[5]actual CWTs exp'!$Z21>0,"- "," ")) -> - | K25: =IF('[5]actual CWTs exp'!K21/'[5]actual CWTs exp'!$Z21>0.0005,'[5]actual CWTs exp'!K21/'[5]actual CWTs exp'!$Z21,IF('[5]actual CWTs exp'!K21/'[5]actual CWTs exp'!$Z21>0,"- "," ")) | L25: =IF('[5]actual CWTs exp'!L21/'[5]actual CWTs exp'!$Z21>0.0005,'[5]actual CWTs exp'!L21/'[5]actual CWTs exp'!$Z21,IF('[5]actual CWTs exp'!L21/'[5]actual CWTs exp'!$Z21>0,"- "," ")) -> 0.006608217 | ... W25: =IF('[5]actual CWTs exp'!W21/'[5]actual CWTs exp'!$Z21>0.0005,'[5]actual CWTs exp'!W21/'[5]actual CWTs exp'!$Z21,IF('[5]actual CWTs exp'!W21/'[5]actual CWTs exp'!$Z21>0,"- "," ")) | X25: =SUM(E25:W25) -> 0.91379658 | Y25: =1-X25 -> 0.086203419 | Z25: ='[5]actual CWTs exp'!Z21 -> 31360
A26: Butte Creek | B26: BUTT | C26: 54 | D26: Fall | E26: =IF('[5]actual CWTs exp'!E22/'[5]actual CWTs exp'!$Z22>0.0005,'[5]actual CWTs exp'!E22/'[5]actual CWTs exp'!$Z22,IF('[5]actual CWTs exp'!E22/'[5]actual CWTs exp'!$Z22>0,"- "," ")) | F26: =IF('[5]actual CWTs exp'!F22/'[5]actual CWTs exp'!$Z22>0.0005,'[5]actual CWTs exp'!F22/'[5]actual CWTs exp'!$Z22,IF('[5]actual CWTs exp'!F22/'[5]actual CWTs exp'!$Z22>0,"- "," ")) | G26: =IF('[5]actual CWTs exp'!G22/'[5]actual CWTs exp'!$Z22>0.0005,'[5]actual CWTs exp'!G22/'[5]actual CWTs exp'!$Z22,IF('[5]actual CWTs exp'!G22/'[5]actual CWTs exp'!$Z22>0,"- "," ")) | H26: =IF('[5]actual CWTs exp'!H22/'[5]actual CWTs exp'!$Z22>0.0005,'[5]actual CWTs exp'!H22/'[5]actual CWTs exp'!$Z22,IF('[5]actual CWTs exp'!H22/'[5]actual CWTs exp'!$Z22>0,"- "," ")) | I26: =IF('[5]actual CWTs exp'!I22/'[5]actual CWTs exp'!$Z22>0.0005,'[5]actual CWTs exp'!I22/'[5]actual CWTs exp'!$Z22,IF('[5]actual CWTs exp'!I22/'[5]actual CWTs exp'!$Z22>0,"- "," ")) | J26: =IF('[5]actual CWTs exp'!J22/'[5]actual CWTs exp'!$Z22>0.0005,'[5]actual CWTs exp'!J22/'[5]actual CWTs exp'!$Z22,IF('[5]actual CWTs exp'!J22/'[5]actual CWTs exp'!$Z22>0,"- "," ")) | K26: =IF('[5]actual CWTs exp'!K22/'[5]actual CWTs exp'!$Z22>0.0005,'[5]actual CWTs exp'!K22/'[5]actual CWTs exp'!$Z22,IF('[5]actual CWTs exp'!K22/'[5]actual CWTs exp'!$Z22>0,"- "," ")) | L26: =IF('[5]actual CWTs exp'!L22/'[5]actual CWTs exp'!$Z22>0.0005,'[5]actual CWTs exp'!L22/'[5]actual CWTs exp'!$Z22,IF('[5]actual CWTs exp'!L22/'[5]actual CWTs exp'!$Z22>0,"- "," ")) -> 0.033210332 | ... W26: =IF('[5]actual CWTs exp'!W22/'[5]actual CWTs exp'!$Z22>0.0005,'[5]actual CWTs exp'!W22/'[5]actual CWTs exp'!$Z22,IF('[5]actual CWTs exp'!W22/'[5]actual CWTs exp'!$Z22>0,"- "," ")) | X26: =SUM(E26:W26) -> 0.12177122 | Y26: =1-X26 -> 0.87822878 | Z26: ='[5]actual CWTs exp'!Z22 -> 813
A27: Feather River | B27: FEA | C27: 54 | D27: Fall | E27: =IF('[5]actual CWTs exp'!E23/'[5]actual CWTs exp'!$Z23>0.0005,'[5]actual CWTs exp'!E23/'[5]actual CWTs exp'!$Z23,IF('[5]actual CWTs exp'!E23/'[5]actual CWTs exp'!$Z23>0,"- "," ")) | F27: =IF('[5]actual CWTs exp'!F23/'[5]actual CWTs exp'!$Z23>0.0005,'[5]actual CWTs exp'!F23/'[5]actual CWTs exp'!$Z23,IF('[5]actual CWTs exp'!F23/'[5]actual CWTs exp'!$Z23>0,"- "," ")) | G27: =IF('[5]actual CWTs exp'!G23/'[5]actual CWTs exp'!$Z23>0.0005,'[5]actual CWTs exp'!G23/'[5]actual CWTs exp'!$Z23,IF('[5]actual CWTs exp'!G23/'[5]actual CWTs exp'!$Z23>0,"- "," ")) -> 0.00056560197 | H27: =IF('[5]actual CWTs exp'!H23/'[5]actual CWTs exp'!$Z23>0.0005,'[5]actual CWTs exp'!H23/'[5]actual CWTs exp'!$Z23,IF('[5]actual CWTs exp'!H23/'[5]actual CWTs exp'!$Z23>0,"- "," ")) -> 0.038523779 | I27: =IF('[5]actual CWTs exp'!I23/'[5]actual CWTs exp'!$Z23>0.0005,'[5]actual CWTs exp'!I23/'[5]actual CWTs exp'!$Z23,IF('[5]actual CWTs exp'!I23/'[5]actual CWTs exp'!$Z23>0,"- "," ")) -> 0.033857563 | J27: =IF('[5]actual CWTs exp'!J23/'[5]actual CWTs exp'!$Z23>0.0005,'[5]actual CWTs exp'!J23/'[5]actual CWTs exp'!$Z23,IF('[5]actual CWTs exp'!J23/'[5]actual CWTs exp'!$Z23>0,"- "," ")) -> 0.059325363 | K27: =IF('[5]actual CWTs exp'!K23/'[5]actual CWTs exp'!$Z23>0.0005,'[5]actual CWTs exp'!K23/'[5]actual CWTs exp'!$Z23,IF('[5]actual CWTs exp'!K23/'[5]actual CWTs exp'!$Z23>0,"- "," ")) -> 0.00058131314 | L27: =IF('[5]actual CWTs exp'!L23/'[5]actual CWTs exp'!$Z23>0.0005,'[5]actual CWTs exp'!L23/'[5]actual CWTs exp'!$Z23,IF('[5]actual CWTs exp'!L23/'[5]actual CWTs exp'!$Z23>0,"- "," ")) -> 0.75286336 | ... W27: =IF('[5]actual CWTs exp'!W23/'[5]actual CWTs exp'!$Z23>0.0005,'[5]actual CWTs exp'!W23/'[5]actual CWTs exp'!$Z23,IF('[5]actual CWTs exp'!W23/'[5]actual CWTs exp'!$Z23>0,"- "," ")) | X27: =SUM(E27:W27) -> 0.89853729 | Y27: =1-X27 -> 0.10146271 | Z27: ='[5]actual CWTs exp'!Z23 -> 63649
A28: Yuba River above DPD | B28: YUBA | C28: 54 | D28: Fall | E28: =IF('[5]actual CWTs exp'!E24/'[5]actual CWTs exp'!$Z24>0.0005,'[5]actual CWTs exp'!E24/'[5]actual CWTs exp'!$Z24,IF('[5]actual CWTs exp'!E24/'[5]actual CWTs exp'!$Z24>0,"- "," ")) | F28: =IF('[5]actual CWTs exp'!F24/'[5]actual CWTs exp'!$Z24>0.0005,'[5]actual CWTs exp'!F24/'[5]actual CWTs exp'!$Z24,IF('[5]actual CWTs exp'!F24/'[5]actual CWTs exp'!$Z24>0,"- "," ")) | G28: =IF('[5]actual CWTs exp'!G24/'[5]actual CWTs exp'!$Z24>0.0005,'[5]actual CWTs exp'!G24/'[5]actual CWTs exp'!$Z24,IF('[5]actual CWTs exp'!G24/'[5]actual CWTs exp'!$Z24>0,"- "," ")) | H28: =IF('[5]actual CWTs exp'!H24/'[5]actual CWTs exp'!$Z24>0.0005,'[5]actual CWTs exp'!H24/'[5]actual CWTs exp'!$Z24,IF('[5]actual CWTs exp'!H24/'[5]actual CWTs exp'!$Z24>0,"- "," ")) -> 0.088885547 | I28: =IF('[5]actual CWTs exp'!I24/'[5]actual CWTs exp'!$Z24>0.0005,'[5]actual CWTs exp'!I24/'[5]actual CWTs exp'!$Z24,IF('[5]actual CWTs exp'!I24/'[5]actual CWTs exp'!$Z24>0,"- "," ")) -> 0.086629568 | J28: =IF('[5]actual CWTs exp'!J24/'[5]actual CWTs exp'!$Z24>0.0005,'[5]actual CWTs exp'!J24/'[5]actual CWTs exp'!$Z24,IF('[5]actual CWTs exp'!J24/'[5]actual CWTs exp'!$Z24>0,"- "," ")) -> 0.040156414 | K28: =IF('[5]actual CWTs exp'!K24/'[5]actual CWTs exp'!$Z24>0.0005,'[5]actual CWTs exp'!K24/'[5]actual CWTs exp'!$Z24,IF('[5]actual CWTs exp'!K24/'[5]actual CWTs exp'!$Z24>0,"- "," ")) -> 0.0031583697 | L28: =IF('[5]actual CWTs exp'!L24/'[5]actual CWTs exp'!$Z24>0.0005,'[5]actual CWTs exp'!L24/'[5]actual CWTs exp'!$Z24,IF('[5]actual CWTs exp'!L24/'[5]actual CWTs exp'!$Z24>0,"- "," ")) -> 0.12317642 | ... W28: =IF('[5]actual CWTs exp'!W24/'[5]actual CWTs exp'!$Z24>0.0005,'[5]actual CWTs exp'!W24/'[5]actual CWTs exp'!$Z24,IF('[5]actual CWTs exp'!W24/'[5]actual CWTs exp'!$Z24>0,"- "," ")) | X28: =SUM(E28:W28) -> 0.45074447 | Y28: =1-X28 -> 0.54925553 | Z28: ='[5]actual CWTs exp'!Z24 -> 6649
A29: Yuba River below DPD | B29: YUBB | C29: 54 | D29: Fall | E29: =IF('[5]actual CWTs exp'!E25/'[5]actual CWTs exp'!$Z25>0.0005,'[5]actual CWTs exp'!E25/'[5]actual CWTs exp'!$Z25,IF('[5]actual CWTs exp'!E25/'[5]actual CWTs exp'!$Z25>0,"- "," ")) | F29: =IF('[5]actual CWTs exp'!F25/'[5]actual CWTs exp'!$Z25>0.0005,'[5]actual CWTs exp'!F25/'[5]actual CWTs exp'!$Z25,IF('[5]actual CWTs exp'!F25/'[5]actual CWTs exp'!$Z25>0,"- "," ")) | G29: =IF('[5]actual CWTs exp'!G25/'[5]actual CWTs exp'!$Z25>0.0005,'[5]actual CWTs exp'!G25/'[5]actual CWTs exp'!$Z25,IF('[5]actual CWTs exp'!G25/'[5]actual CWTs exp'!$Z25>0,"- "," ")) | H29: =IF('[5]actual CWTs exp'!H25/'[5]actual CWTs exp'!$Z25>0.0005,'[5]actual CWTs exp'!H25/'[5]actual CWTs exp'!$Z25,IF('[5]actual CWTs exp'!H25/'[5]actual CWTs exp'!$Z25>0,"- "," ")) -> 0.082255083 | I29: =IF('[5]actual CWTs exp'!I25/'[5]actual CWTs exp'!$Z25>0.0005,'[5]actual CWTs exp'!I25/'[5]actual CWTs exp'!$Z25,IF('[5]actual CWTs exp'!I25/'[5]actual CWTs exp'!$Z25>0,"- "," ")) | J29: =IF('[5]actual CWTs exp'!J25/'[5]actual CWTs exp'!$Z25>0.0005,'[5]actual CWTs exp'!J25/'[5]actual CWTs exp'!$Z25,IF('[5]actual CWTs exp'!J25/'[5]actual CWTs exp'!$Z25>0,"- "," ")) | K29: =IF('[5]actual CWTs exp'!K25/'[5]actual CWTs exp'!$Z25>0.0005,'[5]actual CWTs exp'!K25/'[5]actual CWTs exp'!$Z25,IF('[5]actual CWTs exp'!K25/'[5]actual CWTs exp'!$Z25>0,"- "," ")) | L29: =IF('[5]actual CWTs exp'!L25/'[5]actual CWTs exp'!$Z25>0.0005,'[5]actual CWTs exp'!L25/'[5]actual CWTs exp'!$Z25,IF('[5]actual CWTs exp'!L25/'[5]actual CWTs exp'!$Z25>0,"- "," ")) -> 0.082255083 | ... W29: =IF('[5]actual CWTs exp'!W25/'[5]actual CWTs exp'!$Z25>0.0005,'[5]actual CWTs exp'!W25/'[5]actual CWTs exp'!$Z25,IF('[5]actual CWTs exp'!W25/'[5]actual CWTs exp'!$Z25>0,"- "," ")) | X29: =SUM(E29:W29) -> 0.26987061 | Y29: =1-X29 -> 0.73012939 | Z29: ='[5]actual CWTs exp'!Z25 -> 1082
A30: American River | B30: AMN | C30: 54 | D30: Fall | E30: =IF('[5]actual CWTs exp'!E26/'[5]actual CWTs exp'!$Z26>0.0005,'[5]actual CWTs exp'!E26/'[5]actual CWTs exp'!$Z26,IF('[5]actual CWTs exp'!E26/'[5]actual CWTs exp'!$Z26>0,"- "," ")) | F30: =IF('[5]actual CWTs exp'!F26/'[5]actual CWTs exp'!$Z26>0.0005,'[5]actual CWTs exp'!F26/'[5]actual CWTs exp'!$Z26,IF('[5]actual CWTs exp'!F26/'[5]actual CWTs exp'!$Z26>0,"- "," ")) | G30: =IF('[5]actual CWTs exp'!G26/'[5]actual CWTs exp'!$Z26>0.0005,'[5]actual CWTs exp'!G26/'[5]actual CWTs exp'!$Z26,IF('[5]actual CWTs exp'!G26/'[5]actual CWTs exp'!$Z26>0,"- "," ")) | H30: =IF('[5]actual CWTs exp'!H26/'[5]actual CWTs exp'!$Z26>0.0005,'[5]actual CWTs exp'!H26/'[5]actual CWTs exp'!$Z26,IF('[5]actual CWTs exp'!H26/'[5]actual CWTs exp'!$Z26>0,"- "," ")) -> 0.056131805 | I30: =IF('[5]actual CWTs exp'!I26/'[5]actual CWTs exp'!$Z26>0.0005,'[5]actual CWTs exp'!I26/'[5]actual CWTs exp'!$Z26,IF('[5]actual CWTs exp'!I26/'[5]actual CWTs exp'!$Z26>0,"- "," ")) | J30: =IF('[5]actual CWTs exp'!J26/'[5]actual CWTs exp'!$Z26>0.0005,'[5]actual CWTs exp'!J26/'[5]actual CWTs exp'!$Z26,IF('[5]actual CWTs exp'!J26/'[5]actual CWTs exp'!$Z26>0,"- "," ")) | K30: =IF('[5]actual CWTs exp'!K26/'[5]actual CWTs exp'!$Z26>0.0005,'[5]actual CWTs exp'!K26/'[5]actual CWTs exp'!$Z26,IF('[5]actual CWTs exp'!K26/'[5]actual CWTs exp'!$Z26>0,"- "," ")) | L30: =IF('[5]actual CWTs exp'!L26/'[5]actual CWTs exp'!$Z26>0.0005,'[5]actual CWTs exp'!L26/'[5]actual CWTs exp'!$Z26,IF('[5]actual CWTs exp'!L26/'[5]actual CWTs exp'!$Z26>0,"- "," ")) -> 0.0073065903 | ... W30: =IF('[5]actual CWTs exp'!W26/'[5]actual CWTs exp'!$Z26>0.0005,'[5]actual CWTs exp'!W26/'[5]actual CWTs exp'!$Z26,IF('[5]actual CWTs exp'!W26/'[5]actual CWTs exp'!$Z26>0,"- "," ")) | X30: =SUM(E30:W30) -> 0.7322063 | Y30: =1-X30 -> 0.2677937 | Z30: ='[5]actual CWTs exp'!Z26 -> 34900
A31: Mokelumne River | B31: MOKE | C31: 54 | D31: Fall | E31: =IF('[5]actual CWTs exp'!E27/'[5]actual CWTs exp'!$Z27>0.0005,'[5]actual CWTs exp'!E27/'[5]actual CWTs exp'!$Z27,IF('[5]actual CWTs exp'!E27/'[5]actual CWTs exp'!$Z27>0,"- "," ")) | F31: =IF('[5]actual CWTs exp'!F27/'[5]actual CWTs exp'!$Z27>0.0005,'[5]actual CWTs exp'!F27/'[5]actual CWTs exp'!$Z27,IF('[5]actual CWTs exp'!F27/'[5]actual CWTs exp'!$Z27>0,"- "," ")) | G31: =IF('[5]actual CWTs exp'!G27/'[5]actual CWTs exp'!$Z27>0.0005,'[5]actual CWTs exp'!G27/'[5]actual CWTs exp'!$Z27,IF('[5]actual CWTs exp'!G27/'[5]actual CWTs exp'!$Z27>0,"- "," ")) | H31: =IF('[5]actual CWTs exp'!H27/'[5]actual CWTs exp'!$Z27>0.0005,'[5]actual CWTs exp'!H27/'[5]actual CWTs exp'!$Z27,IF('[5]actual CWTs exp'!H27/'[5]actual CWTs exp'!$Z27>0,"- "," ")) | I31: =IF('[5]actual CWTs exp'!I27/'[5]actual CWTs exp'!$Z27>0.0005,'[5]actual CWTs exp'!I27/'[5]actual CWTs exp'!$Z27,IF('[5]actual CWTs exp'!I27/'[5]actual CWTs exp'!$Z27>0,"- "," ")) | J31: =IF('[5]actual CWTs exp'!J27/'[5]actual CWTs exp'!$Z27>0.0005,'[5]actual CWTs exp'!J27/'[5]actual CWTs exp'!$Z27,IF('[5]actual CWTs exp'!J27/'[5]actual CWTs exp'!$Z27>0,"- "," ")) | K31: =IF('[5]actual CWTs exp'!K27/'[5]actual CWTs exp'!$Z27>0.0005,'[5]actual CWTs exp'!K27/'[5]actual CWTs exp'!$Z27,IF('[5]actual CWTs exp'!K27/'[5]actual CWTs exp'!$Z27>0,"- "," ")) | L31: =IF('[5]actual CWTs exp'!L27/'[5]actual CWTs exp'!$Z27>0.0005,'[5]actual CWTs exp'!L27/'[5]actual CWTs exp'!$Z27,IF('[5]actual CWTs exp'!L27/'[5]actual CWTs exp'!$Z27>0,"- "," ")) -> 0.0091390971 | ... W31: =IF('[5]actual CWTs exp'!W27/'[5]actual CWTs exp'!$Z27>0.0005,'[5]actual CWTs exp'!W27/'[5]actual CWTs exp'!$Z27,IF('[5]actual CWTs exp'!W27/'[5]actual CWTs exp'!$Z27>0,"- "," ")) | X31: =SUM(E31:W31) -> 0.77590934 | Y31: =1-X31 -> 0.22409066 | Z31: ='[5]actual CWTs exp'!Z27 -> 5471
A32: Cosumnes Riverc | D32: Fall | E32: =IF('[5]actual CWTs exp'!E28/'[5]actual CWTs exp'!$Z28>0.0005,'[5]actual CWTs exp'!E28/'[5]actual CWTs exp'!$Z28,IF('[5]actual CWTs exp'!E28/'[5]actual CWTs exp'!$Z28>0,"- "," ")) | F32: =IF('[5]actual CWTs exp'!F28/'[5]actual CWTs exp'!$Z28>0.0005,'[5]actual CWTs exp'!F28/'[5]actual CWTs exp'!$Z28,IF('[5]actual CWTs exp'!F28/'[5]actual CWTs exp'!$Z28>0,"- "," ")) | G32: =IF('[5]actual CWTs exp'!G28/'[5]actual CWTs exp'!$Z28>0.0005,'[5]actual CWTs exp'!G28/'[5]actual CWTs exp'!$Z28,IF('[5]actual CWTs exp'!G28/'[5]actual CWTs exp'!$Z28>0,"- "," ")) | H32: =IF('[5]actual CWTs exp'!H28/'[5]actual CWTs exp'!$Z28>0.0005,'[5]actual CWTs exp'!H28/'[5]actual CWTs exp'!$Z28,IF('[5]actual CWTs exp'!H28/'[5]actual CWTs exp'!$Z28>0,"- "," ")) | I32: =IF('[5]actual CWTs exp'!I28/'[5]actual CWTs exp'!$Z28>0.0005,'[5]actual CWTs exp'!I28/'[5]actual CWTs exp'!$Z28,IF('[5]actual CWTs exp'!I28/'[5]actual CWTs exp'!$Z28>0,"- "," ")) | J32: =IF('[5]actual CWTs exp'!J28/'[5]actual CWTs exp'!$Z28>0.0005,'[5]actual CWTs exp'!J28/'[5]actual CWTs exp'!$Z28,IF('[5]actual CWTs exp'!J28/'[5]actual CWTs exp'!$Z28>0,"- "," ")) | K32: =IF('[5]actual CWTs exp'!K28/'[5]actual CWTs exp'!$Z28>0.0005,'[5]actual CWTs exp'!K28/'[5]actual CWTs exp'!$Z28,IF('[5]actual CWTs exp'!K28/'[5]actual CWTs exp'!$Z28>0,"- "," ")) | L32: =IF('[5]actual CWTs exp'!L28/'[5]actual CWTs exp'!$Z28>0.0005,'[5]actual CWTs exp'!L28/'[5]actual CWTs exp'!$Z28,IF('[5]actual CWTs exp'!L28/'[5]actual CWTs exp'!$Z28>0,"- "," ")) | ... W32: =IF('[5]actual CWTs exp'!W28/'[5]actual CWTs exp'!$Z28>0.0005,'[5]actual CWTs exp'!W28/'[5]actual CWTs exp'!$Z28,IF('[5]actual CWTs exp'!W28/'[5]actual CWTs exp'!$Z28>0,"- "," ")) | X32: =SUM(E32:W32) -> 0.038281979 | Y32: =1-X32 -> 0.96171802 | Z32: ='[5]actual CWTs exp'!Z28 -> 1071
A33: Calaveras Riverᶜ | B33: STA | C33: 54 | D33: Fall | E33: =IF('[5]actual CWTs exp'!E28/'[5]actual CWTs exp'!$Z28>0.0005,'[5]actual CWTs exp'!E28/'[5]actual CWTs exp'!$Z28,IF('[5]actual CWTs exp'!E28/'[5]actual CWTs exp'!$Z28>0,"- "," ")) | F33: =IF('[5]actual CWTs exp'!F29/'[5]actual CWTs exp'!$Z29>0.0005,'[5]actual CWTs exp'!F29/'[5]actual CWTs exp'!$Z29,IF('[5]actual CWTs exp'!F29/'[5]actual CWTs exp'!$Z29>0,"- "," ")) | G33: =IF('[5]actual CWTs exp'!G29/'[5]actual CWTs exp'!$Z29>0.0005,'[5]actual CWTs exp'!G29/'[5]actual CWTs exp'!$Z29,IF('[5]actual CWTs exp'!G29/'[5]actual CWTs exp'!$Z29>0,"- "," ")) | H33: =IF('[5]actual CWTs exp'!H29/'[5]actual CWTs exp'!$Z29>0.0005,'[5]actual CWTs exp'!H29/'[5]actual CWTs exp'!$Z29,IF('[5]actual CWTs exp'!H29/'[5]actual CWTs exp'!$Z29>0,"- "," ")) | I33: =IF('[5]actual CWTs exp'!I29/'[5]actual CWTs exp'!$Z29>0.0005,'[5]actual CWTs exp'!I29/'[5]actual CWTs exp'!$Z29,IF('[5]actual CWTs exp'!I29/'[5]actual CWTs exp'!$Z29>0,"- "," ")) | J33: =IF('[5]actual CWTs exp'!J29/'[5]actual CWTs exp'!$Z29>0.0005,'[5]actual CWTs exp'!J29/'[5]actual CWTs exp'!$Z29,IF('[5]actual CWTs exp'!J29/'[5]actual CWTs exp'!$Z29>0,"- "," ")) | K33: =IF('[5]actual CWTs exp'!K29/'[5]actual CWTs exp'!$Z29>0.0005,'[5]actual CWTs exp'!K29/'[5]actual CWTs exp'!$Z29,IF('[5]actual CWTs exp'!K29/'[5]actual CWTs exp'!$Z29>0,"- "," ")) | L33: =IF('[5]actual CWTs exp'!L29/'[5]actual CWTs exp'!$Z29>0.0005,'[5]actual CWTs exp'!L29/'[5]actual CWTs exp'!$Z29,IF('[5]actual CWTs exp'!L29/'[5]actual CWTs exp'!$Z29>0,"- "," ")) | M33: =IF('[5]actual CWTs exp'!M29/'[5]actual CWTs exp'!$Z29>0.0005,'[5]actual CWTs exp'!M29/'[5]actual CWTs exp'!$Z29,IF('[5]actual CWTs exp'!M29/'[5]actual CWTs exp'!$Z29>0,"- "," ")) | ... W33: =IF('[5]actual CWTs exp'!W29/'[5]actual CWTs exp'!$Z29>0.0005,'[5]actual CWTs exp'!W29/'[5]actual CWTs exp'!$Z29,IF('[5]actual CWTs exp'!W29/'[5]actual CWTs exp'!$Z29>0,"- "," ")) | X33: =SUM(E33:W33) -> 0.090909091 | Y33: =1-X33 -> 0.90909091 | Z33: ='[5]actual CWTs exp'!Z29 -> 132
A34: Stanislaus River | B34: TUO | C34: 54 | D34: Fall | E34: =IF('[5]actual CWTs exp'!E29/'[5]actual CWTs exp'!$Z29>0.0005,'[5]actual CWTs exp'!E29/'[5]actual CWTs exp'!$Z29,IF('[5]actual CWTs exp'!E29/'[5]actual CWTs exp'!$Z29>0,"- "," ")) | F34: =IF('[5]actual CWTs exp'!F30/'[5]actual CWTs exp'!$Z30>0.0005,'[5]actual CWTs exp'!F30/'[5]actual CWTs exp'!$Z30,IF('[5]actual CWTs exp'!F30/'[5]actual CWTs exp'!$Z30>0,"- "," ")) -> 0.0012481278 | G34: =IF('[5]actual CWTs exp'!G30/'[5]actual CWTs exp'!$Z30>0.0005,'[5]actual CWTs exp'!G30/'[5]actual CWTs exp'!$Z30,IF('[5]actual CWTs exp'!G30/'[5]actual CWTs exp'!$Z30>0,"- "," ")) | H34: =IF('[5]actual CWTs exp'!H30/'[5]actual CWTs exp'!$Z30>0.0005,'[5]actual CWTs exp'!H30/'[5]actual CWTs exp'!$Z30,IF('[5]actual CWTs exp'!H30/'[5]actual CWTs exp'!$Z30>0,"- "," ")) -> 0.02646031 | I34: =IF('[5]actual CWTs exp'!I30/'[5]actual CWTs exp'!$Z30>0.0005,'[5]actual CWTs exp'!I30/'[5]actual CWTs exp'!$Z30,IF('[5]actual CWTs exp'!I30/'[5]actual CWTs exp'!$Z30>0,"- "," ")) | J34: =IF('[5]actual CWTs exp'!J30/'[5]actual CWTs exp'!$Z30>0.0005,'[5]actual CWTs exp'!J30/'[5]actual CWTs exp'!$Z30,IF('[5]actual CWTs exp'!J30/'[5]actual CWTs exp'!$Z30>0,"- "," ")) | K34: =IF('[5]actual CWTs exp'!K30/'[5]actual CWTs exp'!$Z30>0.0005,'[5]actual CWTs exp'!K30/'[5]actual CWTs exp'!$Z30,IF('[5]actual CWTs exp'!K30/'[5]actual CWTs exp'!$Z30>0,"- "," ")) | L34: =IF('[5]actual CWTs exp'!L30/'[5]actual CWTs exp'!$Z30>0.0005,'[5]actual CWTs exp'!L30/'[5]actual CWTs exp'!$Z30,IF('[5]actual CWTs exp'!L30/'[5]actual CWTs exp'!$Z30>0,"- "," ")) -> 0.01572641 | M34: =IF('[5]actual CWTs exp'!M30/'[5]actual CWTs exp'!$Z30>0.0005,'[5]actual CWTs exp'!M30/'[5]actual CWTs exp'!$Z30,IF('[5]actual CWTs exp'!M30/'[5]actual CWTs exp'!$Z30>0,"- "," ")) | ... W34: =IF('[5]actual CWTs exp'!W30/'[5]actual CWTs exp'!$Z30>0.0005,'[5]actual CWTs exp'!W30/'[5]actual CWTs exp'!$Z30,IF('[5]actual CWTs exp'!W30/'[5]actual CWTs exp'!$Z30>0,"- "," ")) | X34: =SUM(E34:W34) -> 0.82750874 | Y34: =1-X34 -> 0.17249126 | Z34: ='[5]actual CWTs exp'!Z30 -> 4006
A35: Tuolumne River | B35: MER | C35: 54 | D35: Fall | E35: =IF('[5]actual CWTs exp'!E30/'[5]actual CWTs exp'!$Z30>0.0005,'[5]actual CWTs exp'!E30/'[5]actual CWTs exp'!$Z30,IF('[5]actual CWTs exp'!E30/'[5]actual CWTs exp'!$Z30>0,"- "," ")) | F35: =IF('[5]actual CWTs exp'!F31/'[5]actual CWTs exp'!$Z31>0.0005,'[5]actual CWTs exp'!F31/'[5]actual CWTs exp'!$Z31,IF('[5]actual CWTs exp'!F31/'[5]actual CWTs exp'!$Z31>0,"- "," ")) | G35: =IF('[5]actual CWTs exp'!G31/'[5]actual CWTs exp'!$Z31>0.0005,'[5]actual CWTs exp'!G31/'[5]actual CWTs exp'!$Z31,IF('[5]actual CWTs exp'!G31/'[5]actual CWTs exp'!$Z31>0,"- "," ")) | H35: =IF('[5]actual CWTs exp'!H31/'[5]actual CWTs exp'!$Z31>0.0005,'[5]actual CWTs exp'!H31/'[5]actual CWTs exp'!$Z31,IF('[5]actual CWTs exp'!H31/'[5]actual CWTs exp'!$Z31>0,"- "," ")) -> 0.035759898 | I35: =IF('[5]actual CWTs exp'!I31/'[5]actual CWTs exp'!$Z31>0.0005,'[5]actual CWTs exp'!I31/'[5]actual CWTs exp'!$Z31,IF('[5]actual CWTs exp'!I31/'[5]actual CWTs exp'!$Z31>0,"- "," ")) | J35: =IF('[5]actual CWTs exp'!J31/'[5]actual CWTs exp'!$Z31>0.0005,'[5]actual CWTs exp'!J31/'[5]actual CWTs exp'!$Z31,IF('[5]actual CWTs exp'!J31/'[5]actual CWTs exp'!$Z31>0,"- "," ")) | K35: =IF('[5]actual CWTs exp'!K31/'[5]actual CWTs exp'!$Z31>0.0005,'[5]actual CWTs exp'!K31/'[5]actual CWTs exp'!$Z31,IF('[5]actual CWTs exp'!K31/'[5]actual CWTs exp'!$Z31>0,"- "," ")) | L35: =IF('[5]actual CWTs exp'!L31/'[5]actual CWTs exp'!$Z31>0.0005,'[5]actual CWTs exp'!L31/'[5]actual CWTs exp'!$Z31,IF('[5]actual CWTs exp'!L31/'[5]actual CWTs exp'!$Z31>0,"- "," ")) -> 0.024265645 | M35: =IF('[5]actual CWTs exp'!M31/'[5]actual CWTs exp'!$Z31>0.0005,'[5]actual CWTs exp'!M31/'[5]actual CWTs exp'!$Z31,IF('[5]actual CWTs exp'!M31/'[5]actual CWTs exp'!$Z31>0,"- "," ")) | ... W35: =IF('[5]actual CWTs exp'!W31/'[5]actual CWTs exp'!$Z31>0.0005,'[5]actual CWTs exp'!W31/'[5]actual CWTs exp'!$Z31,IF('[5]actual CWTs exp'!W31/'[5]actual CWTs exp'!$Z31>0,"- "," ")) | X35: =SUM(E35:W35) -> 0.36015326 | Y35: =1-X35 -> 0.63984674 | Z35: ='[5]actual CWTs exp'!Z31 -> 783
A36: Merced River | D36: Fall | E36: =IF('[5]actual CWTs exp'!E31/'[5]actual CWTs exp'!$Z31>0.0005,'[5]actual CWTs exp'!E31/'[5]actual CWTs exp'!$Z31,IF('[5]actual CWTs exp'!E31/'[5]actual CWTs exp'!$Z31>0,"- "," ")) | F36: =IF('[5]actual CWTs exp'!F32/'[5]actual CWTs exp'!$Z32>0.0005,'[5]actual CWTs exp'!F32/'[5]actual CWTs exp'!$Z32,IF('[5]actual CWTs exp'!F32/'[5]actual CWTs exp'!$Z32>0,"- "," ")) | G36: =IF('[5]actual CWTs exp'!G32/'[5]actual CWTs exp'!$Z32>0.0005,'[5]actual CWTs exp'!G32/'[5]actual CWTs exp'!$Z32,IF('[5]actual CWTs exp'!G32/'[5]actual CWTs exp'!$Z32>0,"- "," ")) | H36: =IF('[5]actual CWTs exp'!H32/'[5]actual CWTs exp'!$Z32>0.0005,'[5]actual CWTs exp'!H32/'[5]actual CWTs exp'!$Z32,IF('[5]actual CWTs exp'!H32/'[5]actual CWTs exp'!$Z32>0,"- "," ")) -> 0.051395658 | I36: =IF('[5]actual CWTs exp'!I32/'[5]actual CWTs exp'!$Z32>0.0005,'[5]actual CWTs exp'!I32/'[5]actual CWTs exp'!$Z32,IF('[5]actual CWTs exp'!I32/'[5]actual CWTs exp'!$Z32>0,"- "," ")) | J36: =IF('[5]actual CWTs exp'!J32/'[5]actual CWTs exp'!$Z32>0.0005,'[5]actual CWTs exp'!J32/'[5]actual CWTs exp'!$Z32,IF('[5]actual CWTs exp'!J32/'[5]actual CWTs exp'!$Z32>0,"- "," ")) | K36: =IF('[5]actual CWTs exp'!K32/'[5]actual CWTs exp'!$Z32>0.0005,'[5]actual CWTs exp'!K32/'[5]actual CWTs exp'!$Z32,IF('[5]actual CWTs exp'!K32/'[5]actual CWTs exp'!$Z32>0,"- "," ")) | L36: =IF('[5]actual CWTs exp'!L32/'[5]actual CWTs exp'!$Z32>0.0005,'[5]actual CWTs exp'!L32/'[5]actual CWTs exp'!$Z32,IF('[5]actual CWTs exp'!L32/'[5]actual CWTs exp'!$Z32>0,"- "," ")) -> 0.017279575 | M36: =IF('[5]actual CWTs exp'!M32/'[5]actual CWTs exp'!$Z32>0.0005,'[5]actual CWTs exp'!M32/'[5]actual CWTs exp'!$Z32,IF('[5]actual CWTs exp'!M32/'[5]actual CWTs exp'!$Z32>0,"- "," ")) | ... W36: =IF('[5]actual CWTs exp'!W32/'[5]actual CWTs exp'!$Z32>0.0005,'[5]actual CWTs exp'!W32/'[5]actual CWTs exp'!$Z32,IF('[5]actual CWTs exp'!W32/'[5]actual CWTs exp'!$Z32>0,"- "," ")) | X36: =SUM(E36:W36) -> 0.87239699 | Y36: =1-X36 -> 0.12760301 | Z36: ='[5]actual CWTs exp'!Z32 -> 2257
A37: Total Natural Area Fall Runᵉ | E37: =IF('[5]actual CWTs exp'!E33/'[5]actual CWTs exp'!$Z33>0.0005,'[5]actual CWTs exp'!E33/'[5]actual CWTs exp'!$Z33,IF('[5]actual CWTs exp'!E33/'[5]actual CWTs exp'!$Z33>0,"- "," ")) | F37: =IF('[5]actual CWTs exp'!F33/'[5]actual CWTs exp'!$Z33>0.0005,'[5]actual CWTs exp'!F33/'[5]actual CWTs exp'!$Z33,IF('[5]actual CWTs exp'!F33/'[5]actual CWTs exp'!$Z33>0,"- "," ")) -> - | G37: =IF('[5]actual CWTs exp'!G33/'[5]actual CWTs exp'!$Z33>0.0005,'[5]actual CWTs exp'!G33/'[5]actual CWTs exp'!$Z33,IF('[5]actual CWTs exp'!G33/'[5]actual CWTs exp'!$Z33>0,"- "," ")) -> 0.17993684 | H37: =IF('[5]actual CWTs exp'!H33/'[5]actual CWTs exp'!$Z33>0.0005,'[5]actual CWTs exp'!H33/'[5]actual CWTs exp'!$Z33,IF('[5]actual CWTs exp'!H33/'[5]actual CWTs exp'!$Z33>0,"- "," ")) -> 0.039181333 | I37: =IF('[5]actual CWTs exp'!I33/'[5]actual CWTs exp'!$Z33>0.0005,'[5]actual CWTs exp'!I33/'[5]actual CWTs exp'!$Z33,IF('[5]actual CWTs exp'!I33/'[5]actual CWTs exp'!$Z33>0,"- "," ")) -> 0.016946208 | J37: =IF('[5]actual CWTs exp'!J33/'[5]actual CWTs exp'!$Z33>0.0005,'[5]actual CWTs exp'!J33/'[5]actual CWTs exp'!$Z33,IF('[5]actual CWTs exp'!J33/'[5]actual CWTs exp'!$Z33>0,"- "," ")) -> 0.025356174 | K37: =IF('[5]actual CWTs exp'!K33/'[5]actual CWTs exp'!$Z33>0.0005,'[5]actual CWTs exp'!K33/'[5]actual CWTs exp'!$Z33,IF('[5]actual CWTs exp'!K33/'[5]actual CWTs exp'!$Z33>0,"- "," ")) -> - | L37: =IF('[5]actual CWTs exp'!L33/'[5]actual CWTs exp'!$Z33>0.0005,'[5]actual CWTs exp'!L33/'[5]actual CWTs exp'!$Z33,IF('[5]actual CWTs exp'!L33/'[5]actual CWTs exp'!$Z33>0,"- "," ")) -> 0.32095555 | ... W37: =IF('[5]actual CWTs exp'!W33/'[5]actual CWTs exp'!$Z33>0.0005,'[5]actual CWTs exp'!W33/'[5]actual CWTs exp'!$Z33,IF('[5]actual CWTs exp'!W33/'[5]actual CWTs exp'!$Z33>0,"- "," ")) | X37: =IF('[5]actual CWTs exp'!X33>0,'[5]actual CWTs exp'!X33/'[5]actual CWTs exp'!$Z33," ") -> 0.79661728 | Y37: =IF('[5]actual CWTs exp'!Y33>0,'[5]actual CWTs exp'!Y33/'[5]actual CWTs exp'!$Z33," ") -> 0.20338272 | Z37: ='[5]actual CWTs exp'!Z33 -> 161157
A39: Sport Harvest | Z39: ='[5]actual CWTs exp'!Z34 -> 0
A40: Inland Creel - Late Fall | B40: SAF | C40: 99 | D40: Late | E40: =IF('[5]actual CWTs exp'!E35/'[5]actual CWTs exp'!$Z35>0.0005,'[5]actual CWTs exp'!E35/'[5]actual CWTs exp'!$Z35,IF('[5]actual CWTs exp'!E35/'[5]actual CWTs exp'!$Z35>0,"- "," ")) | F40: =IF('[5]actual CWTs exp'!F35/'[5]actual CWTs exp'!$Z35>0.0005,'[5]actual CWTs exp'!F35/'[5]actual CWTs exp'!$Z35,IF('[5]actual CWTs exp'!F35/'[5]actual CWTs exp'!$Z35>0,"- "," ")) -> 0.30416667 | G40: =IF('[5]actual CWTs exp'!G35/'[5]actual CWTs exp'!$Z35>0.0005,'[5]actual CWTs exp'!G35/'[5]actual CWTs exp'!$Z35,IF('[5]actual CWTs exp'!G35/'[5]actual CWTs exp'!$Z35>0,"- "," ")) | H40: =IF('[5]actual CWTs exp'!H35/'[5]actual CWTs exp'!$Z35>0.0005,'[5]actual CWTs exp'!H35/'[5]actual CWTs exp'!$Z35,IF('[5]actual CWTs exp'!H35/'[5]actual CWTs exp'!$Z35>0,"- "," ")) -> 0.0625 | I40: =IF('[5]actual CWTs exp'!I35/'[5]actual CWTs exp'!$Z35>0.0005,'[5]actual CWTs exp'!I35/'[5]actual CWTs exp'!$Z35,IF('[5]actual CWTs exp'!I35/'[5]actual CWTs exp'!$Z35>0,"- "," ")) | J40: =IF('[5]actual CWTs exp'!J35/'[5]actual CWTs exp'!$Z35>0.0005,'[5]actual CWTs exp'!J35/'[5]actual CWTs exp'!$Z35,IF('[5]actual CWTs exp'!J35/'[5]actual CWTs exp'!$Z35>0,"- "," ")) | K40: =IF('[5]actual CWTs exp'!K35/'[5]actual CWTs exp'!$Z35>0.0005,'[5]actual CWTs exp'!K35/'[5]actual CWTs exp'!$Z35,IF('[5]actual CWTs exp'!K35/'[5]actual CWTs exp'!$Z35>0,"- "," ")) | L40: =IF('[5]actual CWTs exp'!L35/'[5]actual CWTs exp'!$Z35>0.0005,'[5]actual CWTs exp'!L35/'[5]actual CWTs exp'!$Z35,IF('[5]actual CWTs exp'!L35/'[5]actual CWTs exp'!$Z35>0,"- "," ")) | ... W40: =IF('[5]actual CWTs exp'!W35/'[5]actual CWTs exp'!$Z35>0.0005,'[5]actual CWTs exp'!W35/'[5]actual CWTs exp'!$Z35,IF('[5]actual CWTs exp'!W35/'[5]actual CWTs exp'!$Z35>0,"- "," ")) | X40: =SUM(E40:W40) -> 0.36666667 | Y40: =1-X40 -> 0.63333333 | Z40: ='[5]actual CWTs exp'!Z35 -> 720
A41: Inland Creel - Upper Sac | B41: SAF | C41: 99 | D41: Fall | E41: =IF('[5]actual CWTs exp'!E36/'[5]actual CWTs exp'!$Z36>0.0005,'[5]actual CWTs exp'!E36/'[5]actual CWTs exp'!$Z36,IF('[5]actual CWTs exp'!E36/'[5]actual CWTs exp'!$Z36>0,"- "," ")) | F41: =IF('[5]actual CWTs exp'!F36/'[5]actual CWTs exp'!$Z36>0.0005,'[5]actual CWTs exp'!F36/'[5]actual CWTs exp'!$Z36,IF('[5]actual CWTs exp'!F36/'[5]actual CWTs exp'!$Z36>0,"- "," ")) -> 0.00054848188 | G41: =IF('[5]actual CWTs exp'!G36/'[5]actual CWTs exp'!$Z36>0.0005,'[5]actual CWTs exp'!G36/'[5]actual CWTs exp'!$Z36,IF('[5]actual CWTs exp'!G36/'[5]actual CWTs exp'!$Z36>0,"- "," ")) -> 0.63905975 | H41: =IF('[5]actual CWTs exp'!H36/'[5]actual CWTs exp'!$Z36>0.0005,'[5]actual CWTs exp'!H36/'[5]actual CWTs exp'!$Z36,IF('[5]actual CWTs exp'!H36/'[5]actual CWTs exp'!$Z36>0,"- "," ")) -> 0.014848188 | I41: =IF('[5]actual CWTs exp'!I36/'[5]actual CWTs exp'!$Z36>0.0005,'[5]actual CWTs exp'!I36/'[5]actual CWTs exp'!$Z36,IF('[5]actual CWTs exp'!I36/'[5]actual CWTs exp'!$Z36>0,"- "," ")) | J41: =IF('[5]actual CWTs exp'!J36/'[5]actual CWTs exp'!$Z36>0.0005,'[5]actual CWTs exp'!J36/'[5]actual CWTs exp'!$Z36,IF('[5]actual CWTs exp'!J36/'[5]actual CWTs exp'!$Z36>0,"- "," ")) -> 0.0016454456 | K41: =IF('[5]actual CWTs exp'!K36/'[5]actual CWTs exp'!$Z36>0.0005,'[5]actual CWTs exp'!K36/'[5]actual CWTs exp'!$Z36,IF('[5]actual CWTs exp'!K36/'[5]actual CWTs exp'!$Z36>0,"- "," ")) | L41: =IF('[5]actual CWTs exp'!L36/'[5]actual CWTs exp'!$Z36>0.0005,'[5]actual CWTs exp'!L36/'[5]actual CWTs exp'!$Z36,IF('[5]actual CWTs exp'!L36/'[5]actual CWTs exp'!$Z36>0,"- "," ")) -> 0.033966699 | ... W41: =IF('[5]actual CWTs exp'!W36/'[5]actual CWTs exp'!$Z36>0.0005,'[5]actual CWTs exp'!W36/'[5]actual CWTs exp'!$Z36,IF('[5]actual CWTs exp'!W36/'[5]actual CWTs exp'!$Z36>0,"- "," ")) | X41: =SUM(E41:W41) -> 0.69116552 | Y41: =1-X41 -> 0.30883448 | Z41: ='[5]actual CWTs exp'!Z36 -> 25525
A42: Inland Creel - Lower Sac | B42: SBF | C42: 99 | D42: Fall | E42: =IF('[5]actual CWTs exp'!E37/'[5]actual CWTs exp'!$Z37>0.0005,'[5]actual CWTs exp'!E37/'[5]actual CWTs exp'!$Z37,IF('[5]actual CWTs exp'!E37/'[5]actual CWTs exp'!$Z37>0,"- "," ")) | F42: =IF('[5]actual CWTs exp'!F37/'[5]actual CWTs exp'!$Z37>0.0005,'[5]actual CWTs exp'!F37/'[5]actual CWTs exp'!$Z37,IF('[5]actual CWTs exp'!F37/'[5]actual CWTs exp'!$Z37>0,"- "," ")) -> 0.011354461 | G42: =IF('[5]actual CWTs exp'!G37/'[5]actual CWTs exp'!$Z37>0.0005,'[5]actual CWTs exp'!G37/'[5]actual CWTs exp'!$Z37,IF('[5]actual CWTs exp'!G37/'[5]actual CWTs exp'!$Z37>0,"- "," ")) -> 0.051170771 | H42: =IF('[5]actual CWTs exp'!H37/'[5]actual CWTs exp'!$Z37>0.0005,'[5]actual CWTs exp'!H37/'[5]actual CWTs exp'!$Z37,IF('[5]actual CWTs exp'!H37/'[5]actual CWTs exp'!$Z37>0,"- "," ")) -> 0.057478805 | I42: =IF('[5]actual CWTs exp'!I37/'[5]actual CWTs exp'!$Z37>0.0005,'[5]actual CWTs exp'!I37/'[5]actual CWTs exp'!$Z37,IF('[5]actual CWTs exp'!I37/'[5]actual CWTs exp'!$Z37>0,"- "," ")) | J42: =IF('[5]actual CWTs exp'!J37/'[5]actual CWTs exp'!$Z37>0.0005,'[5]actual CWTs exp'!J37/'[5]actual CWTs exp'!$Z37,IF('[5]actual CWTs exp'!J37/'[5]actual CWTs exp'!$Z37>0,"- "," ")) -> 0.0016148567 | K42: =IF('[5]actual CWTs exp'!K37/'[5]actual CWTs exp'!$Z37>0.0005,'[5]actual CWTs exp'!K37/'[5]actual CWTs exp'!$Z37,IF('[5]actual CWTs exp'!K37/'[5]actual CWTs exp'!$Z37>0,"- "," ")) | L42: =IF('[5]actual CWTs exp'!L37/'[5]actual CWTs exp'!$Z37>0.0005,'[5]actual CWTs exp'!L37/'[5]actual CWTs exp'!$Z37,IF('[5]actual CWTs exp'!L37/'[5]actual CWTs exp'!$Z37>0,"- "," ")) -> 0.24333872 | ... W42: =IF('[5]actual CWTs exp'!W37/'[5]actual CWTs exp'!$Z37>0.0005,'[5]actual CWTs exp'!W37/'[5]actual CWTs exp'!$Z37,IF('[5]actual CWTs exp'!W37/'[5]actual CWTs exp'!$Z37>0,"- "," ")) | X42: =SUM(E42:W42) -> 0.84149172 | Y42: =1-X42 -> 0.15850828 | Z42: ='[5]actual CWTs exp'!Z37 -> 19816
A43: Inland Creel - Feather | B43: FEA | C43: 99 | D43: Fall | E43: =IF('[5]actual CWTs exp'!E38/'[5]actual CWTs exp'!$Z38>0.0005,'[5]actual CWTs exp'!E38/'[5]actual CWTs exp'!$Z38,IF('[5]actual CWTs exp'!E38/'[5]actual CWTs exp'!$Z38>0,"- "," ")) | F43: =IF('[5]actual CWTs exp'!F38/'[5]actual CWTs exp'!$Z38>0.0005,'[5]actual CWTs exp'!F38/'[5]actual CWTs exp'!$Z38,IF('[5]actual CWTs exp'!F38/'[5]actual CWTs exp'!$Z38>0,"- "," ")) | G43: =IF('[5]actual CWTs exp'!G38/'[5]actual CWTs exp'!$Z38>0.0005,'[5]actual CWTs exp'!G38/'[5]actual CWTs exp'!$Z38,IF('[5]actual CWTs exp'!G38/'[5]actual CWTs exp'!$Z38>0,"- "," ")) | H43: =IF('[5]actual CWTs exp'!H38/'[5]actual CWTs exp'!$Z38>0.0005,'[5]actual CWTs exp'!H38/'[5]actual CWTs exp'!$Z38,IF('[5]actual CWTs exp'!H38/'[5]actual CWTs exp'!$Z38>0,"- "," ")) -> 0.043700755 | I43: =IF('[5]actual CWTs exp'!I38/'[5]actual CWTs exp'!$Z38>0.0005,'[5]actual CWTs exp'!I38/'[5]actual CWTs exp'!$Z38,IF('[5]actual CWTs exp'!I38/'[5]actual CWTs exp'!$Z38>0,"- "," ")) -> 0.0094224677 | J43: =IF('[5]actual CWTs exp'!J38/'[5]actual CWTs exp'!$Z38>0.0005,'[5]actual CWTs exp'!J38/'[5]actual CWTs exp'!$Z38,IF('[5]actual CWTs exp'!J38/'[5]actual CWTs exp'!$Z38>0,"- "," ")) -> 0.012752823 | K43: =IF('[5]actual CWTs exp'!K38/'[5]actual CWTs exp'!$Z38>0.0005,'[5]actual CWTs exp'!K38/'[5]actual CWTs exp'!$Z38,IF('[5]actual CWTs exp'!K38/'[5]actual CWTs exp'!$Z38>0,"- "," ")) | L43: =IF('[5]actual CWTs exp'!L38/'[5]actual CWTs exp'!$Z38>0.0005,'[5]actual CWTs exp'!L38/'[5]actual CWTs exp'!$Z38,IF('[5]actual CWTs exp'!L38/'[5]actual CWTs exp'!$Z38>0,"- "," ")) -> 0.71570141 | ... W43: =IF('[5]actual CWTs exp'!W38/'[5]actual CWTs exp'!$Z38>0.0005,'[5]actual CWTs exp'!W38/'[5]actual CWTs exp'!$Z38,IF('[5]actual CWTs exp'!W38/'[5]actual CWTs exp'!$Z38>0,"- "," ")) | X43: =SUM(E43:W43) -> 0.79278694 | Y43: =1-X43 -> 0.20721306 | Z43: ='[5]actual CWTs exp'!Z38 -> 12311
A44: Inland Creel - American | B44: AMN | C44: 99 | D44: Fall | E44: =IF('[5]actual CWTs exp'!E39/'[5]actual CWTs exp'!$Z39>0.0005,'[5]actual CWTs exp'!E39/'[5]actual CWTs exp'!$Z39,IF('[5]actual CWTs exp'!E39/'[5]actual CWTs exp'!$Z39>0,"- "," ")) | F44: =IF('[5]actual CWTs exp'!F39/'[5]actual CWTs exp'!$Z39>0.0005,'[5]actual CWTs exp'!F39/'[5]actual CWTs exp'!$Z39,IF('[5]actual CWTs exp'!F39/'[5]actual CWTs exp'!$Z39>0,"- "," ")) | G44: =IF('[5]actual CWTs exp'!G39/'[5]actual CWTs exp'!$Z39>0.0005,'[5]actual CWTs exp'!G39/'[5]actual CWTs exp'!$Z39,IF('[5]actual CWTs exp'!G39/'[5]actual CWTs exp'!$Z39>0,"- "," ")) | H44: =IF('[5]actual CWTs exp'!H39/'[5]actual CWTs exp'!$Z39>0.0005,'[5]actual CWTs exp'!H39/'[5]actual CWTs exp'!$Z39,IF('[5]actual CWTs exp'!H39/'[5]actual CWTs exp'!$Z39>0,"- "," ")) -> 0.090438399 | I44: =IF('[5]actual CWTs exp'!I39/'[5]actual CWTs exp'!$Z39>0.0005,'[5]actual CWTs exp'!I39/'[5]actual CWTs exp'!$Z39,IF('[5]actual CWTs exp'!I39/'[5]actual CWTs exp'!$Z39>0,"- "," ")) -> 0.001527819 | J44: =IF('[5]actual CWTs exp'!J39/'[5]actual CWTs exp'!$Z39>0.0005,'[5]actual CWTs exp'!J39/'[5]actual CWTs exp'!$Z39,IF('[5]actual CWTs exp'!J39/'[5]actual CWTs exp'!$Z39>0,"- "," ")) -> 0.013750371 | K44: =IF('[5]actual CWTs exp'!K39/'[5]actual CWTs exp'!$Z39>0.0005,'[5]actual CWTs exp'!K39/'[5]actual CWTs exp'!$Z39,IF('[5]actual CWTs exp'!K39/'[5]actual CWTs exp'!$Z39>0,"- "," ")) | L44: =IF('[5]actual CWTs exp'!L39/'[5]actual CWTs exp'!$Z39>0.0005,'[5]actual CWTs exp'!L39/'[5]actual CWTs exp'!$Z39,IF('[5]actual CWTs exp'!L39/'[5]actual CWTs exp'!$Z39>0,"- "," ")) -> 0.036243263 | ... W44: =IF('[5]actual CWTs exp'!W39/'[5]actual CWTs exp'!$Z39>0.0005,'[5]actual CWTs exp'!W39/'[5]actual CWTs exp'!$Z39,IF('[5]actual CWTs exp'!W39/'[5]actual CWTs exp'!$Z39>0,"- "," ")) | X44: =SUM(E44:W44) -> 0.78241311 | Y44: =1-X44 -> 0.21758689 | Z44: ='[5]actual CWTs exp'!Z39 -> 23563
A45: Inland Creel - Mokelumne | B45: AMN | C45: 99 | D45: Fall | E45: =IF('[5]actual CWTs exp'!E40/'[5]actual CWTs exp'!$Z40>0.0005,'[5]actual CWTs exp'!E40/'[5]actual CWTs exp'!$Z40,IF('[5]actual CWTs exp'!E40/'[5]actual CWTs exp'!$Z40>0,"- "," ")) | F45: =IF('[5]actual CWTs exp'!F40/'[5]actual CWTs exp'!$Z40>0.0005,'[5]actual CWTs exp'!F40/'[5]actual CWTs exp'!$Z40,IF('[5]actual CWTs exp'!F40/'[5]actual CWTs exp'!$Z40>0,"- "," ")) | G45: =IF('[5]actual CWTs exp'!G40/'[5]actual CWTs exp'!$Z40>0.0005,'[5]actual CWTs exp'!G40/'[5]actual CWTs exp'!$Z40,IF('[5]actual CWTs exp'!G40/'[5]actual CWTs exp'!$Z40>0,"- "," ")) | H45: =IF('[5]actual CWTs exp'!H40/'[5]actual CWTs exp'!$Z40>0.0005,'[5]actual CWTs exp'!H40/'[5]actual CWTs exp'!$Z40,IF('[5]actual CWTs exp'!H40/'[5]actual CWTs exp'!$Z40>0,"- "," ")) | I45: =IF('[5]actual CWTs exp'!I40/'[5]actual CWTs exp'!$Z40>0.0005,'[5]actual CWTs exp'!I40/'[5]actual CWTs exp'!$Z40,IF('[5]actual CWTs exp'!I40/'[5]actual CWTs exp'!$Z40>0,"- "," ")) | J45: =IF('[5]actual CWTs exp'!J40/'[5]actual CWTs exp'!$Z40>0.0005,'[5]actual CWTs exp'!J40/'[5]actual CWTs exp'!$Z40,IF('[5]actual CWTs exp'!J40/'[5]actual CWTs exp'!$Z40>0,"- "," ")) | K45: =IF('[5]actual CWTs exp'!K40/'[5]actual CWTs exp'!$Z40>0.0005,'[5]actual CWTs exp'!K40/'[5]actual CWTs exp'!$Z40,IF('[5]actual CWTs exp'!K40/'[5]actual CWTs exp'!$Z40>0,"- "," ")) | L45: =IF('[5]actual CWTs exp'!L40/'[5]actual CWTs exp'!$Z40>0.0005,'[5]actual CWTs exp'!L40/'[5]actual CWTs exp'!$Z40,IF('[5]actual CWTs exp'!L40/'[5]actual CWTs exp'!$Z40>0,"- "," ")) -> 0.033884298 | ... W45: =IF('[5]actual CWTs exp'!W40/'[5]actual CWTs exp'!$Z40>0.0005,'[5]actual CWTs exp'!W40/'[5]actual CWTs exp'!$Z40,IF('[5]actual CWTs exp'!W40/'[5]actual CWTs exp'!$Z40>0,"- "," ")) | X45: =SUM(E45:W45) -> 0.83966942 | Y45: =1-X45 -> 0.16033058 | Z45: ='[5]actual CWTs exp'!Z40 -> 1210
A46: Total Sport Fall Harvest | F46: =IF('[5]actual CWTs exp'!F41/'[5]actual CWTs exp'!$Z41>0.0005,'[5]actual CWTs exp'!F41/'[5]actual CWTs exp'!$Z41,IF('[5]actual CWTs exp'!F41/'[5]actual CWTs exp'!$Z41>0,"- "," ")) -> 0.0028996057 | G46: =IF('[5]actual CWTs exp'!G41/'[5]actual CWTs exp'!$Z41>0.0005,'[5]actual CWTs exp'!G41/'[5]actual CWTs exp'!$Z41,IF('[5]actual CWTs exp'!G41/'[5]actual CWTs exp'!$Z41>0,"- "," ")) -> 0.21020322 | H46: =IF('[5]actual CWTs exp'!H41/'[5]actual CWTs exp'!$Z41>0.0005,'[5]actual CWTs exp'!H41/'[5]actual CWTs exp'!$Z41,IF('[5]actual CWTs exp'!H41/'[5]actual CWTs exp'!$Z41>0,"- "," ")) -> 0.050797695 | I46: =IF('[5]actual CWTs exp'!I41/'[5]actual CWTs exp'!$Z41>0.0005,'[5]actual CWTs exp'!I41/'[5]actual CWTs exp'!$Z41,IF('[5]actual CWTs exp'!I41/'[5]actual CWTs exp'!$Z41>0,"- "," ")) -> 0.0018441007 | J46: =IF('[5]actual CWTs exp'!J41/'[5]actual CWTs exp'!$Z41>0.0005,'[5]actual CWTs exp'!J41/'[5]actual CWTs exp'!$Z41,IF('[5]actual CWTs exp'!J41/'[5]actual CWTs exp'!$Z41>0,"- "," ")) -> 0.006733394 | K46: =IF('[5]actual CWTs exp'!K41/'[5]actual CWTs exp'!$Z41>0.0005,'[5]actual CWTs exp'!K41/'[5]actual CWTs exp'!$Z41,IF('[5]actual CWTs exp'!K41/'[5]actual CWTs exp'!$Z41>0,"- "," ")) | L46: =IF('[5]actual CWTs exp'!L41/'[5]actual CWTs exp'!$Z41>0.0005,'[5]actual CWTs exp'!L41/'[5]actual CWTs exp'!$Z41,IF('[5]actual CWTs exp'!L41/'[5]actual CWTs exp'!$Z41>0,"- "," ")) -> 0.18677586 | M46: =IF('[5]actual CWTs exp'!M41/'[5]actual CWTs exp'!$Z41>0.0005,'[5]actual CWTs exp'!M41/'[5]actual CWTs exp'!$Z41,IF('[5]actual CWTs exp'!M41/'[5]actual CWTs exp'!$Z41>0,"- "," ")) | ... W46: =IF('[5]actual CWTs exp'!W41/'[5]actual CWTs exp'!$Z41>0.0005,'[5]actual CWTs exp'!W41/'[5]actual CWTs exp'!$Z41,IF('[5]actual CWTs exp'!W41/'[5]actual CWTs exp'!$Z41>0,"- "," ")) | X46: =IF('[5]actual CWTs exp'!X41>0,'[5]actual CWTs exp'!X41/'[5]actual CWTs exp'!$Z41," ") -> 0.77071277 | Y46: =IF('[5]actual CWTs exp'!Y41>0,'[5]actual CWTs exp'!Y41/'[5]actual CWTs exp'!$Z41," ") -> 0.22928723 | Z46: ='[5]actual CWTs exp'!Z41 -> 82425
A47: ='[5]actual CWTs exp'!A42 -> 0 | B47: =[5]inland_taf_hatchgrp_table12_raw!D32 -> AMN | C47: =[5]inland_taf_hatchgrp_table12_raw!E31 -> 99 | F47: =IF('[5]actual CWTs exp'!F42>0,'[5]actual CWTs exp'!F42/'[5]actual CWTs exp'!$Z42," ") | G47: =IF('[5]actual CWTs exp'!G42>0,'[5]actual CWTs exp'!G42/'[5]actual CWTs exp'!$Z42," ") | H47: =IF('[5]actual CWTs exp'!H42>0,'[5]actual CWTs exp'!H42/'[5]actual CWTs exp'!$Z42," ") | I47: =IF('[5]actual CWTs exp'!I42>0,'[5]actual CWTs exp'!I42/'[5]actual CWTs exp'!$Z42," ") | J47: =IF('[5]actual CWTs exp'!J42>0,'[5]actual CWTs exp'!J42/'[5]actual CWTs exp'!$Z42," ") | K47: =IF('[5]actual CWTs exp'!K42>0,'[5]actual CWTs exp'!K42/'[5]actual CWTs exp'!$Z42," ") | L47: =IF('[5]actual CWTs exp'!L42>0,'[5]actual CWTs exp'!L42/'[5]actual CWTs exp'!$Z42," ") | M47: =IF('[5]actual CWTs exp'!M42>0,'[5]actual CWTs exp'!M42/'[5]actual CWTs exp'!$Z42," ") | ... V47: =IF('[5]actual CWTs exp'!V42>0,'[5]actual CWTs exp'!V42/'[5]actual CWTs exp'!$Z42," ")
A48: a/ Any values resulting in less than 0.05% are displayed here as "-". Note: These values represent a small number of recoveries and are not actual zeros.
A49: b/ Recovery of natural-origin Feather River (FeaFw) CWT releases are not included in hatchery proportion totals.
A50: c/ Surveys without representative sampling of CWTs; proportions shown are based only on CWTs collected opportunistically.
A51: d/ No CWT recovery survey or ad-clip count available for Battle Creek natural escapement. CWT release group and total hatchery proportions assumed to be equivalent to fall return at Coleman National Fish Hatchery (FWS staff, per. comm).
A52: e/ Total natural area fall run proportion based only on surveys with representative sampling of CWTs.

Sheet 2013 Table 9 proportion 
E1: Table 9. Percentage of inland CWTtotal recoveries by location, run, and release typeᵃ/ in hatchery returns, natural escapement and sport harvest during 2013.
H2: CFH | K2: FRH | Q2: NFH | T2: MOK | V2: MER | Y2: Total % | AA2: Total
E3: Location | F3: Run | G3: SacW | H3: CFHLh | I3: CFHFh | J3: CFHFn | K3: FRHS | L3: FRHSn | M3: FRHFb | N3: FRHFn | O3: FRHFnc | P3: FRHFtib | Q3: NIMF | R3: NIMFn | S3: MOKF | T3: MOKFn | U3: MOKFt | V3: MERF | W3: MERFt | X3: nonCV | Y3: Hatchery | Z3: Natural | AA3: Run
E4: Hatchery Spawners
A5: ='[6]Table 11 CWTs exp'!A5 -> FRFH501 | B5: ='[6]Table 11 CWTs exp'!B5 -> FRFH | C5: ='[6]Table 11 CWTs exp'!C5 -> 50 | D5: ='[6]Table 11 CWTs exp'!D5 -> 1 | E5: ='[6]Table 11 CWTs exp'!E5 -> Feather River Hatchery | F5: ='[6]Table 11 CWTs exp'!F5 -> Spring | G5: =IF('[6]Table 11 CWTs exp'!G5/'[6]Table 11 CWTs exp'!$AA5>0.0005,'[6]Table 11 CWTs exp'!G5/'[6]Table 11 CWTs exp'!$AA5,IF('[6]Table 11 CWTs exp'!G5/'[6]Table 11 CWTs exp'!$AA5>0,"-"," ")) | H5: =IF('[6]Table 11 CWTs exp'!H5/'[6]Table 11 CWTs exp'!$AA5>0.0005,'[6]Table 11 CWTs exp'!H5/'[6]Table 11 CWTs exp'!$AA5,IF('[6]Table 11 CWTs exp'!H5/'[6]Table 11 CWTs exp'!$AA5>0,"-"," ")) | I5: =IF('[6]Table 11 CWTs exp'!I5/'[6]Table 11 CWTs exp'!$AA5>0.0005,'[6]Table 11 CWTs exp'!I5/'[6]Table 11 CWTs exp'!$AA5,IF('[6]Table 11 CWTs exp'!I5/'[6]Table 11 CWTs exp'!$AA5>0,"-"," ")) | J5: =IF('[6]Table 11 CWTs exp'!J5/'[6]Table 11 CWTs exp'!$AA5>0.0005,'[6]Table 11 CWTs exp'!J5/'[6]Table 11 CWTs exp'!$AA5,IF('[6]Table 11 CWTs exp'!J5/'[6]Table 11 CWTs exp'!$AA5>0,"-"," ")) | K5: =IF('[6]Table 11 CWTs exp'!K5/'[6]Table 11 CWTs exp'!$AA5>0.0005,'[6]Table 11 CWTs exp'!K5/'[6]Table 11 CWTs exp'!$AA5,IF('[6]Table 11 CWTs exp'!K5/'[6]Table 11 CWTs exp'!$AA5>0,"-"," ")) -> 0.78559776 | L5: =IF('[6]Table 11 CWTs exp'!L5/'[6]Table 11 CWTs exp'!$AA5>0.0005,'[6]Table 11 CWTs exp'!L5/'[6]Table 11 CWTs exp'!$AA5,IF('[6]Table 11 CWTs exp'!L5/'[6]Table 11 CWTs exp'!$AA5>0,"-"," ")) -> 0.15567467 | M5: =IF('[6]Table 11 CWTs exp'!M5/'[6]Table 11 CWTs exp'!$AA5>0.0005,'[6]Table 11 CWTs exp'!M5/'[6]Table 11 CWTs exp'!$AA5,IF('[6]Table 11 CWTs exp'!M5/'[6]Table 11 CWTs exp'!$AA5>0,"-"," ")) | N5: =IF('[6]Table 11 CWTs exp'!N5/'[6]Table 11 CWTs exp'!$AA5>0.0005,'[6]Table 11 CWTs exp'!N5/'[6]Table 11 CWTs exp'!$AA5,IF('[6]Table 11 CWTs exp'!N5/'[6]Table 11 CWTs exp'!$AA5>0,"-"," ")) -> 0.048007457 | ... X5: =IF('[6]Table 11 CWTs exp'!X5/'[6]Table 11 CWTs exp'!$AA5>0.0005,'[6]Table 11 CWTs exp'!X5/'[6]Table 11 CWTs exp'!$AA5,IF('[6]Table 11 CWTs exp'!X5/'[6]Table 11 CWTs exp'!$AA5>0,"-"," ")) | Y5: =SUM(G5:X5) -> 0.98927989 | Z5: =1-Y5 -> 0.010720112 | AA5: ='[6]Table 11 CWTs exp'!AA5 -> 4291
A6: ='[6]Table 11 CWTs exp'!A6 -> FRFH521 | B6: ='[6]Table 11 CWTs exp'!B6 -> FRFH | C6: ='[6]Table 11 CWTs exp'!C6 -> 52 | D6: ='[6]Table 11 CWTs exp'!D6 -> 1 | E6: ='[6]Table 11 CWTs exp'!E6 -> Feather River Hatchery preseason | F6: ='[6]Table 11 CWTs exp'!F6 -> Spring | G6: =IF('[6]Table 11 CWTs exp'!G6/'[6]Table 11 CWTs exp'!$AA6>0.0005,'[6]Table 11 CWTs exp'!G6/'[6]Table 11 CWTs exp'!$AA6,IF('[6]Table 11 CWTs exp'!G6/'[6]Table 11 CWTs exp'!$AA6>0,"-"," ")) | H6: =IF('[6]Table 11 CWTs exp'!H6/'[6]Table 11 CWTs exp'!$AA6>0.0005,'[6]Table 11 CWTs exp'!H6/'[6]Table 11 CWTs exp'!$AA6,IF('[6]Table 11 CWTs exp'!H6/'[6]Table 11 CWTs exp'!$AA6>0,"-"," ")) | I6: =IF('[6]Table 11 CWTs exp'!I6/'[6]Table 11 CWTs exp'!$AA6>0.0005,'[6]Table 11 CWTs exp'!I6/'[6]Table 11 CWTs exp'!$AA6,IF('[6]Table 11 CWTs exp'!I6/'[6]Table 11 CWTs exp'!$AA6>0,"-"," ")) | J6: =IF('[6]Table 11 CWTs exp'!J6/'[6]Table 11 CWTs exp'!$AA6>0.0005,'[6]Table 11 CWTs exp'!J6/'[6]Table 11 CWTs exp'!$AA6,IF('[6]Table 11 CWTs exp'!J6/'[6]Table 11 CWTs exp'!$AA6>0,"-"," ")) | K6: =IF('[6]Table 11 CWTs exp'!K6/'[6]Table 11 CWTs exp'!$AA6>0.0005,'[6]Table 11 CWTs exp'!K6/'[6]Table 11 CWTs exp'!$AA6,IF('[6]Table 11 CWTs exp'!K6/'[6]Table 11 CWTs exp'!$AA6>0,"-"," ")) -> 0.78571429 | L6: =IF('[6]Table 11 CWTs exp'!L6/'[6]Table 11 CWTs exp'!$AA6>0.0005,'[6]Table 11 CWTs exp'!L6/'[6]Table 11 CWTs exp'!$AA6,IF('[6]Table 11 CWTs exp'!L6/'[6]Table 11 CWTs exp'!$AA6>0,"-"," ")) -> 0.19642857 | M6: =IF('[6]Table 11 CWTs exp'!M6/'[6]Table 11 CWTs exp'!$AA6>0.0005,'[6]Table 11 CWTs exp'!M6/'[6]Table 11 CWTs exp'!$AA6,IF('[6]Table 11 CWTs exp'!M6/'[6]Table 11 CWTs exp'!$AA6>0,"-"," ")) | N6: =IF('[6]Table 11 CWTs exp'!N6/'[6]Table 11 CWTs exp'!$AA6>0.0005,'[6]Table 11 CWTs exp'!N6/'[6]Table 11 CWTs exp'!$AA6,IF('[6]Table 11 CWTs exp'!N6/'[6]Table 11 CWTs exp'!$AA6>0,"-"," ")) -> 0.017857143 | ... X6: =IF('[6]Table 11 CWTs exp'!X6/'[6]Table 11 CWTs exp'!$AA6>0.0005,'[6]Table 11 CWTs exp'!X6/'[6]Table 11 CWTs exp'!$AA6,IF('[6]Table 11 CWTs exp'!X6/'[6]Table 11 CWTs exp'!$AA6>0,"-"," ")) | Y6: =SUM(G6:X6) -> 1 | Z6: =1-Y6 -> 0 | AA6: ='[6]Table 11 CWTs exp'!AA6 -> 56
A7: ='[6]Table 11 CWTs exp'!A7 -> CNFH503 | B7: ='[6]Table 11 CWTs exp'!B7 -> CNFH | C7: ='[6]Table 11 CWTs exp'!C7 -> 50 | D7: ='[6]Table 11 CWTs exp'!D7 -> 3 | E7: ='[6]Table 11 CWTs exp'!E7 -> Coleman National Fish Hatchery | F7: ='[6]Table 11 CWTs exp'!F7 -> Fall | G7: =IF('[6]Table 11 CWTs exp'!G7/'[6]Table 11 CWTs exp'!$AA7>0.0005,'[6]Table 11 CWTs exp'!G7/'[6]Table 11 CWTs exp'!$AA7,IF('[6]Table 11 CWTs exp'!G7/'[6]Table 11 CWTs exp'!$AA7>0,"-"," ")) | H7: =IF('[6]Table 11 CWTs exp'!H7/'[6]Table 11 CWTs exp'!$AA7>0.0005,'[6]Table 11 CWTs exp'!H7/'[6]Table 11 CWTs exp'!$AA7,IF('[6]Table 11 CWTs exp'!H7/'[6]Table 11 CWTs exp'!$AA7>0,"-"," ")) | I7: =IF('[6]Table 11 CWTs exp'!I7/'[6]Table 11 CWTs exp'!$AA7>0.0005,'[6]Table 11 CWTs exp'!I7/'[6]Table 11 CWTs exp'!$AA7,IF('[6]Table 11 CWTs exp'!I7/'[6]Table 11 CWTs exp'!$AA7>0,"-"," ")) -> 0.87140178 | J7: =IF('[6]Table 11 CWTs exp'!J7/'[6]Table 11 CWTs exp'!$AA7>0.0005,'[6]Table 11 CWTs exp'!J7/'[6]Table 11 CWTs exp'!$AA7,IF('[6]Table 11 CWTs exp'!J7/'[6]Table 11 CWTs exp'!$AA7>0,"-"," ")) -> 0.015072787 | K7: =IF('[6]Table 11 CWTs exp'!K7/'[6]Table 11 CWTs exp'!$AA7>0.0005,'[6]Table 11 CWTs exp'!K7/'[6]Table 11 CWTs exp'!$AA7,IF('[6]Table 11 CWTs exp'!K7/'[6]Table 11 CWTs exp'!$AA7>0,"-"," ")) | L7: =IF('[6]Table 11 CWTs exp'!L7/'[6]Table 11 CWTs exp'!$AA7>0.0005,'[6]Table 11 CWTs exp'!L7/'[6]Table 11 CWTs exp'!$AA7,IF('[6]Table 11 CWTs exp'!L7/'[6]Table 11 CWTs exp'!$AA7>0,"-"," ")) -> - | M7: =IF('[6]Table 11 CWTs exp'!M7/'[6]Table 11 CWTs exp'!$AA7>0.0005,'[6]Table 11 CWTs exp'!M7/'[6]Table 11 CWTs exp'!$AA7,IF('[6]Table 11 CWTs exp'!M7/'[6]Table 11 CWTs exp'!$AA7>0,"-"," ")) -> - | N7: =IF('[6]Table 11 CWTs exp'!N7/'[6]Table 11 CWTs exp'!$AA7>0.0005,'[6]Table 11 CWTs exp'!N7/'[6]Table 11 CWTs exp'!$AA7,IF('[6]Table 11 CWTs exp'!N7/'[6]Table 11 CWTs exp'!$AA7>0,"-"," ")) -> 0.0097622422 | ... X7: =IF('[6]Table 11 CWTs exp'!X7/'[6]Table 11 CWTs exp'!$AA7>0.0005,'[6]Table 11 CWTs exp'!X7/'[6]Table 11 CWTs exp'!$AA7,IF('[6]Table 11 CWTs exp'!X7/'[6]Table 11 CWTs exp'!$AA7>0,"-"," ")) | Y7: =SUM(G7:X7) -> 0.89623681 | Z7: =1-Y7 -> 0.10376319 | AA7: ='[6]Table 11 CWTs exp'!AA7 -> 69861
A8: ='[6]Table 11 CWTs exp'!A8 -> FRFH503 | B8: ='[6]Table 11 CWTs exp'!B8 -> FRFH | C8: ='[6]Table 11 CWTs exp'!C8 -> 50 | D8: ='[6]Table 11 CWTs exp'!D8 -> 3 | E8: ='[6]Table 11 CWTs exp'!E8 -> Feather River Hatchery | F8: ='[6]Table 11 CWTs exp'!F8 -> Fall | G8: =IF('[6]Table 11 CWTs exp'!G8/'[6]Table 11 CWTs exp'!$AA8>0.0005,'[6]Table 11 CWTs exp'!G8/'[6]Table 11 CWTs exp'!$AA8,IF('[6]Table 11 CWTs exp'!G8/'[6]Table 11 CWTs exp'!$AA8>0,"-"," ")) | H8: =IF('[6]Table 11 CWTs exp'!H8/'[6]Table 11 CWTs exp'!$AA8>0.0005,'[6]Table 11 CWTs exp'!H8/'[6]Table 11 CWTs exp'!$AA8,IF('[6]Table 11 CWTs exp'!H8/'[6]Table 11 CWTs exp'!$AA8>0,"-"," ")) | I8: =IF('[6]Table 11 CWTs exp'!I8/'[6]Table 11 CWTs exp'!$AA8>0.0005,'[6]Table 11 CWTs exp'!I8/'[6]Table 11 CWTs exp'!$AA8,IF('[6]Table 11 CWTs exp'!I8/'[6]Table 11 CWTs exp'!$AA8>0,"-"," ")) -> - | J8: =IF('[6]Table 11 CWTs exp'!J8/'[6]Table 11 CWTs exp'!$AA8>0.0005,'[6]Table 11 CWTs exp'!J8/'[6]Table 11 CWTs exp'!$AA8,IF('[6]Table 11 CWTs exp'!J8/'[6]Table 11 CWTs exp'!$AA8>0,"-"," ")) -> 0.0096662081 | K8: =IF('[6]Table 11 CWTs exp'!K8/'[6]Table 11 CWTs exp'!$AA8>0.0005,'[6]Table 11 CWTs exp'!K8/'[6]Table 11 CWTs exp'!$AA8,IF('[6]Table 11 CWTs exp'!K8/'[6]Table 11 CWTs exp'!$AA8>0,"-"," ")) -> 0.10828325 | L8: =IF('[6]Table 11 CWTs exp'!L8/'[6]Table 11 CWTs exp'!$AA8>0.0005,'[6]Table 11 CWTs exp'!L8/'[6]Table 11 CWTs exp'!$AA8,IF('[6]Table 11 CWTs exp'!L8/'[6]Table 11 CWTs exp'!$AA8>0,"-"," ")) -> 0.030953588 | M8: =IF('[6]Table 11 CWTs exp'!M8/'[6]Table 11 CWTs exp'!$AA8>0.0005,'[6]Table 11 CWTs exp'!M8/'[6]Table 11 CWTs exp'!$AA8,IF('[6]Table 11 CWTs exp'!M8/'[6]Table 11 CWTs exp'!$AA8>0,"-"," ")) -> 0.0022445876 | N8: =IF('[6]Table 11 CWTs exp'!N8/'[6]Table 11 CWTs exp'!$AA8>0.0005,'[6]Table 11 CWTs exp'!N8/'[6]Table 11 CWTs exp'!$AA8,IF('[6]Table 11 CWTs exp'!N8/'[6]Table 11 CWTs exp'!$AA8>0,"-"," ")) -> 0.80493809 | ... X8: =IF('[6]Table 11 CWTs exp'!X8/'[6]Table 11 CWTs exp'!$AA8>0.0005,'[6]Table 11 CWTs exp'!X8/'[6]Table 11 CWTs exp'!$AA8,IF('[6]Table 11 CWTs exp'!X8/'[6]Table 11 CWTs exp'!$AA8>0,"-"," ")) | Y8: =SUM(G8:X8) -> 0.96607776 | Z8: =1-Y8 -> 0.033922236 | AA8: ='[6]Table 11 CWTs exp'!AA8 -> 27622
A9: ='[6]Table 11 CWTs exp'!A9 -> NBFH503 | B9: ='[6]Table 11 CWTs exp'!B9 -> NBFH | C9: ='[6]Table 11 CWTs exp'!C9 -> 50 | D9: ='[6]Table 11 CWTs exp'!D9 -> 3 | E9: ='[6]Table 11 CWTs exp'!E9 -> Nimbus Fish Hatchery | F9: ='[6]Table 11 CWTs exp'!F9 -> Fall | G9: =IF('[6]Table 11 CWTs exp'!G9/'[6]Table 11 CWTs exp'!$AA9>0.0005,'[6]Table 11 CWTs exp'!G9/'[6]Table 11 CWTs exp'!$AA9,IF('[6]Table 11 CWTs exp'!G9/'[6]Table 11 CWTs exp'!$AA9>0,"-"," ")) | H9: =IF('[6]Table 11 CWTs exp'!H9/'[6]Table 11 CWTs exp'!$AA9>0.0005,'[6]Table 11 CWTs exp'!H9/'[6]Table 11 CWTs exp'!$AA9,IF('[6]Table 11 CWTs exp'!H9/'[6]Table 11 CWTs exp'!$AA9>0,"-"," ")) | I9: =IF('[6]Table 11 CWTs exp'!I9/'[6]Table 11 CWTs exp'!$AA9>0.0005,'[6]Table 11 CWTs exp'!I9/'[6]Table 11 CWTs exp'!$AA9,IF('[6]Table 11 CWTs exp'!I9/'[6]Table 11 CWTs exp'!$AA9>0,"-"," ")) | J9: =IF('[6]Table 11 CWTs exp'!J9/'[6]Table 11 CWTs exp'!$AA9>0.0005,'[6]Table 11 CWTs exp'!J9/'[6]Table 11 CWTs exp'!$AA9,IF('[6]Table 11 CWTs exp'!J9/'[6]Table 11 CWTs exp'!$AA9>0,"-"," ")) -> 0.01586602 | K9: =IF('[6]Table 11 CWTs exp'!K9/'[6]Table 11 CWTs exp'!$AA9>0.0005,'[6]Table 11 CWTs exp'!K9/'[6]Table 11 CWTs exp'!$AA9,IF('[6]Table 11 CWTs exp'!K9/'[6]Table 11 CWTs exp'!$AA9>0,"-"," ")) | L9: =IF('[6]Table 11 CWTs exp'!L9/'[6]Table 11 CWTs exp'!$AA9>0.0005,'[6]Table 11 CWTs exp'!L9/'[6]Table 11 CWTs exp'!$AA9,IF('[6]Table 11 CWTs exp'!L9/'[6]Table 11 CWTs exp'!$AA9>0,"-"," ")) | M9: =IF('[6]Table 11 CWTs exp'!M9/'[6]Table 11 CWTs exp'!$AA9>0.0005,'[6]Table 11 CWTs exp'!M9/'[6]Table 11 CWTs exp'!$AA9,IF('[6]Table 11 CWTs exp'!M9/'[6]Table 11 CWTs exp'!$AA9>0,"-"," ")) | N9: =IF('[6]Table 11 CWTs exp'!N9/'[6]Table 11 CWTs exp'!$AA9>0.0005,'[6]Table 11 CWTs exp'!N9/'[6]Table 11 CWTs exp'!$AA9,IF('[6]Table 11 CWTs exp'!N9/'[6]Table 11 CWTs exp'!$AA9>0,"-"," ")) -> 0.015094755 | ... X9: =IF('[6]Table 11 CWTs exp'!X9/'[6]Table 11 CWTs exp'!$AA9>0.0005,'[6]Table 11 CWTs exp'!X9/'[6]Table 11 CWTs exp'!$AA9,IF('[6]Table 11 CWTs exp'!X9/'[6]Table 11 CWTs exp'!$AA9>0,"-"," ")) | Y9: =SUM(G9:X9) -> 0.86326576 | Z9: =1-Y9 -> 0.13673424 | AA9: ='[6]Table 11 CWTs exp'!AA9 -> 9076
A10: ='[6]Table 11 CWTs exp'!A10 -> NIMW593 | B10: ='[6]Table 11 CWTs exp'!B10 -> NIMW | C10: ='[6]Table 11 CWTs exp'!C10 -> 59 | D10: ='[6]Table 11 CWTs exp'!D10 -> 3 | E10: ='[6]Table 11 CWTs exp'!E10 -> Nimbus Fish Hatchery Weir | F10: ='[6]Table 11 CWTs exp'!F10 -> Fall | G10: =IF('[6]Table 11 CWTs exp'!G10/'[6]Table 11 CWTs exp'!$AA10>0.0005,'[6]Table 11 CWTs exp'!G10/'[6]Table 11 CWTs exp'!$AA10,IF('[6]Table 11 CWTs exp'!G10/'[6]Table 11 CWTs exp'!$AA10>0,"-"," ")) | H10: =IF('[6]Table 11 CWTs exp'!H10/'[6]Table 11 CWTs exp'!$AA10>0.0005,'[6]Table 11 CWTs exp'!H10/'[6]Table 11 CWTs exp'!$AA10,IF('[6]Table 11 CWTs exp'!H10/'[6]Table 11 CWTs exp'!$AA10>0,"-"," ")) | I10: =IF('[6]Table 11 CWTs exp'!I10/'[6]Table 11 CWTs exp'!$AA10>0.0005,'[6]Table 11 CWTs exp'!I10/'[6]Table 11 CWTs exp'!$AA10,IF('[6]Table 11 CWTs exp'!I10/'[6]Table 11 CWTs exp'!$AA10>0,"-"," ")) -> 0.0020156211 | J10: =IF('[6]Table 11 CWTs exp'!J10/'[6]Table 11 CWTs exp'!$AA10>0.0005,'[6]Table 11 CWTs exp'!J10/'[6]Table 11 CWTs exp'!$AA10,IF('[6]Table 11 CWTs exp'!J10/'[6]Table 11 CWTs exp'!$AA10>0,"-"," ")) -> 0.017132779 | K10: =IF('[6]Table 11 CWTs exp'!K10/'[6]Table 11 CWTs exp'!$AA10>0.0005,'[6]Table 11 CWTs exp'!K10/'[6]Table 11 CWTs exp'!$AA10,IF('[6]Table 11 CWTs exp'!K10/'[6]Table 11 CWTs exp'!$AA10>0,"-"," ")) | L10: =IF('[6]Table 11 CWTs exp'!L10/'[6]Table 11 CWTs exp'!$AA10>0.0005,'[6]Table 11 CWTs exp'!L10/'[6]Table 11 CWTs exp'!$AA10,IF('[6]Table 11 CWTs exp'!L10/'[6]Table 11 CWTs exp'!$AA10>0,"-"," ")) -> 0.00050390527 | M10: =IF('[6]Table 11 CWTs exp'!M10/'[6]Table 11 CWTs exp'!$AA10>0.0005,'[6]Table 11 CWTs exp'!M10/'[6]Table 11 CWTs exp'!$AA10,IF('[6]Table 11 CWTs exp'!M10/'[6]Table 11 CWTs exp'!$AA10>0,"-"," ")) -> 0.0017636684 | N10: =IF('[6]Table 11 CWTs exp'!N10/'[6]Table 11 CWTs exp'!$AA10>0.0005,'[6]Table 11 CWTs exp'!N10/'[6]Table 11 CWTs exp'!$AA10,IF('[6]Table 11 CWTs exp'!N10/'[6]Table 11 CWTs exp'!$AA10>0,"-"," ")) -> 0.064751827 | ... X10: =IF('[6]Table 11 CWTs exp'!X10/'[6]Table 11 CWTs exp'!$AA10>0.0005,'[6]Table 11 CWTs exp'!X10/'[6]Table 11 CWTs exp'!$AA10,IF('[6]Table 11 CWTs exp'!X10/'[6]Table 11 CWTs exp'!$AA10>0,"-"," ")) | Y10: =SUM(G10:X10) -> 0.70697909 | Z10: =1-Y10 -> 0.29302091 | AA10: ='[6]Table 11 CWTs exp'!AA10 -> 3969
A11: ='[6]Table 11 CWTs exp'!A11 -> MRFI503 | B11: ='[6]Table 11 CWTs exp'!B11 -> MRFI | C11: ='[6]Table 11 CWTs exp'!C11 -> 50 | D11: ='[6]Table 11 CWTs exp'!D11 -> 3 | E11: ='[6]Table 11 CWTs exp'!E11 -> Mokelumne River Hatchery | F11: ='[6]Table 11 CWTs exp'!F11 -> Fall | G11: =IF('[6]Table 11 CWTs exp'!G11/'[6]Table 11 CWTs exp'!$AA11>0.0005,'[6]Table 11 CWTs exp'!G11/'[6]Table 11 CWTs exp'!$AA11,IF('[6]Table 11 CWTs exp'!G11/'[6]Table 11 CWTs exp'!$AA11>0,"-"," ")) | H11: =IF('[6]Table 11 CWTs exp'!H11/'[6]Table 11 CWTs exp'!$AA11>0.0005,'[6]Table 11 CWTs exp'!H11/'[6]Table 11 CWTs exp'!$AA11,IF('[6]Table 11 CWTs exp'!H11/'[6]Table 11 CWTs exp'!$AA11>0,"-"," ")) -> - | I11: =IF('[6]Table 11 CWTs exp'!I11/'[6]Table 11 CWTs exp'!$AA11>0.0005,'[6]Table 11 CWTs exp'!I11/'[6]Table 11 CWTs exp'!$AA11,IF('[6]Table 11 CWTs exp'!I11/'[6]Table 11 CWTs exp'!$AA11>0,"-"," ")) | J11: =IF('[6]Table 11 CWTs exp'!J11/'[6]Table 11 CWTs exp'!$AA11>0.0005,'[6]Table 11 CWTs exp'!J11/'[6]Table 11 CWTs exp'!$AA11,IF('[6]Table 11 CWTs exp'!J11/'[6]Table 11 CWTs exp'!$AA11>0,"-"," ")) -> 0.010808724 | K11: =IF('[6]Table 11 CWTs exp'!K11/'[6]Table 11 CWTs exp'!$AA11>0.0005,'[6]Table 11 CWTs exp'!K11/'[6]Table 11 CWTs exp'!$AA11,IF('[6]Table 11 CWTs exp'!K11/'[6]Table 11 CWTs exp'!$AA11>0,"-"," ")) | L11: =IF('[6]Table 11 CWTs exp'!L11/'[6]Table 11 CWTs exp'!$AA11>0.0005,'[6]Table 11 CWTs exp'!L11/'[6]Table 11 CWTs exp'!$AA11,IF('[6]Table 11 CWTs exp'!L11/'[6]Table 11 CWTs exp'!$AA11>0,"-"," ")) | M11: =IF('[6]Table 11 CWTs exp'!M11/'[6]Table 11 CWTs exp'!$AA11>0.0005,'[6]Table 11 CWTs exp'!M11/'[6]Table 11 CWTs exp'!$AA11,IF('[6]Table 11 CWTs exp'!M11/'[6]Table 11 CWTs exp'!$AA11>0,"-"," ")) | N11: =IF('[6]Table 11 CWTs exp'!N11/'[6]Table 11 CWTs exp'!$AA11>0.0005,'[6]Table 11 CWTs exp'!N11/'[6]Table 11 CWTs exp'!$AA11,IF('[6]Table 11 CWTs exp'!N11/'[6]Table 11 CWTs exp'!$AA11>0,"-"," ")) -> 0.037251496 | ... X11: =IF('[6]Table 11 CWTs exp'!X11/'[6]Table 11 CWTs exp'!$AA11>0.0005,'[6]Table 11 CWTs exp'!X11/'[6]Table 11 CWTs exp'!$AA11,IF('[6]Table 11 CWTs exp'!X11/'[6]Table 11 CWTs exp'!$AA11>0,"-"," ")) -> 0.00077205173 | Y11: =SUM(G11:X11) -> 0.89171975 | Z11: =1-Y11 -> 0.10828025 | AA11: ='[6]Table 11 CWTs exp'!AA11 -> 5181
A12: ='[6]Table 11 CWTs exp'!A12 -> MRFF503 | B12: ='[6]Table 11 CWTs exp'!B12 -> MRFF | C12: ='[6]Table 11 CWTs exp'!C12 -> 50 | D12: ='[6]Table 11 CWTs exp'!D12 -> 3 | E12: ='[6]Table 11 CWTs exp'!E12 -> Merced River Hatchery | F12: ='[6]Table 11 CWTs exp'!F12 -> Fall | G12: =IF('[6]Table 11 CWTs exp'!G12/'[6]Table 11 CWTs exp'!$AA12>0.0005,'[6]Table 11 CWTs exp'!G12/'[6]Table 11 CWTs exp'!$AA12,IF('[6]Table 11 CWTs exp'!G12/'[6]Table 11 CWTs exp'!$AA12>0,"-"," ")) | H12: =IF('[6]Table 11 CWTs exp'!H12/'[6]Table 11 CWTs exp'!$AA12>0.0005,'[6]Table 11 CWTs exp'!H12/'[6]Table 11 CWTs exp'!$AA12,IF('[6]Table 11 CWTs exp'!H12/'[6]Table 11 CWTs exp'!$AA12>0,"-"," ")) -> 0.0027322404 | I12: =IF('[6]Table 11 CWTs exp'!I12/'[6]Table 11 CWTs exp'!$AA12>0.0005,'[6]Table 11 CWTs exp'!I12/'[6]Table 11 CWTs exp'!$AA12,IF('[6]Table 11 CWTs exp'!I12/'[6]Table 11 CWTs exp'!$AA12>0,"-"," ")) | J12: =IF('[6]Table 11 CWTs exp'!J12/'[6]Table 11 CWTs exp'!$AA12>0.0005,'[6]Table 11 CWTs exp'!J12/'[6]Table 11 CWTs exp'!$AA12,IF('[6]Table 11 CWTs exp'!J12/'[6]Table 11 CWTs exp'!$AA12>0,"-"," ")) -> 0.02276867 | K12: =IF('[6]Table 11 CWTs exp'!K12/'[6]Table 11 CWTs exp'!$AA12>0.0005,'[6]Table 11 CWTs exp'!K12/'[6]Table 11 CWTs exp'!$AA12,IF('[6]Table 11 CWTs exp'!K12/'[6]Table 11 CWTs exp'!$AA12>0,"-"," ")) | L12: =IF('[6]Table 11 CWTs exp'!L12/'[6]Table 11 CWTs exp'!$AA12>0.0005,'[6]Table 11 CWTs exp'!L12/'[6]Table 11 CWTs exp'!$AA12,IF('[6]Table 11 CWTs exp'!L12/'[6]Table 11 CWTs exp'!$AA12>0,"-"," ")) | M12: =IF('[6]Table 11 CWTs exp'!M12/'[6]Table 11 CWTs exp'!$AA12>0.0005,'[6]Table 11 CWTs exp'!M12/'[6]Table 11 CWTs exp'!$AA12,IF('[6]Table 11 CWTs exp'!M12/'[6]Table 11 CWTs exp'!$AA12>0,"-"," ")) -> 0.00091074681 | N12: =IF('[6]Table 11 CWTs exp'!N12/'[6]Table 11 CWTs exp'!$AA12>0.0005,'[6]Table 11 CWTs exp'!N12/'[6]Table 11 CWTs exp'!$AA12,IF('[6]Table 11 CWTs exp'!N12/'[6]Table 11 CWTs exp'!$AA12>0,"-"," ")) -> 0.041894353 | ... X12: =IF('[6]Table 11 CWTs exp'!X12/'[6]Table 11 CWTs exp'!$AA12>0.0005,'[6]Table 11 CWTs exp'!X12/'[6]Table 11 CWTs exp'!$AA12,IF('[6]Table 11 CWTs exp'!X12/'[6]Table 11 CWTs exp'!$AA12>0,"-"," ")) | Y12: =SUM(G12:X12) -> 0.62659381 | Z12: =1-Y12 -> 0.37340619 | AA12: ='[6]Table 11 CWTs exp'!AA12 -> 1098
A13: ='[6]Table 11 CWTs exp'!A13 -> CNFH507 | B13: ='[6]Table 11 CWTs exp'!B13 -> CNFH | C13: ='[6]Table 11 CWTs exp'!C13 -> 50 | D13: ='[6]Table 11 CWTs exp'!D13 -> 7 | E13: ='[6]Table 11 CWTs exp'!E13 -> Coleman National Fish Hatchery | F13: Late-fallb/ | G13: =IF('[6]Table 11 CWTs exp'!G13/'[6]Table 11 CWTs exp'!$AA13>0.0005,'[6]Table 11 CWTs exp'!G13/'[6]Table 11 CWTs exp'!$AA13,IF('[6]Table 11 CWTs exp'!G13/'[6]Table 11 CWTs exp'!$AA13>0,"-"," ")) | H13: =IF('[6]Table 11 CWTs exp'!H13/'[6]Table 11 CWTs exp'!$AA13>0.0005,'[6]Table 11 CWTs exp'!H13/'[6]Table 11 CWTs exp'!$AA13,IF('[6]Table 11 CWTs exp'!H13/'[6]Table 11 CWTs exp'!$AA13>0,"-"," ")) -> 0.99292929 | I13: =IF('[6]Table 11 CWTs exp'!I13/'[6]Table 11 CWTs exp'!$AA13>0.0005,'[6]Table 11 CWTs exp'!I13/'[6]Table 11 CWTs exp'!$AA13,IF('[6]Table 11 CWTs exp'!I13/'[6]Table 11 CWTs exp'!$AA13>0,"-"," ")) | J13: =IF('[6]Table 11 CWTs exp'!J13/'[6]Table 11 CWTs exp'!$AA13>0.0005,'[6]Table 11 CWTs exp'!J13/'[6]Table 11 CWTs exp'!$AA13,IF('[6]Table 11 CWTs exp'!J13/'[6]Table 11 CWTs exp'!$AA13>0,"-"," ")) | K13: =IF('[6]Table 11 CWTs exp'!K13/'[6]Table 11 CWTs exp'!$AA13>0.0005,'[6]Table 11 CWTs exp'!K13/'[6]Table 11 CWTs exp'!$AA13,IF('[6]Table 11 CWTs exp'!K13/'[6]Table 11 CWTs exp'!$AA13>0,"-"," ")) | L13: =IF('[6]Table 11 CWTs exp'!L13/'[6]Table 11 CWTs exp'!$AA13>0.0005,'[6]Table 11 CWTs exp'!L13/'[6]Table 11 CWTs exp'!$AA13,IF('[6]Table 11 CWTs exp'!L13/'[6]Table 11 CWTs exp'!$AA13>0,"-"," ")) | M13: =IF('[6]Table 11 CWTs exp'!M13/'[6]Table 11 CWTs exp'!$AA13>0.0005,'[6]Table 11 CWTs exp'!M13/'[6]Table 11 CWTs exp'!$AA13,IF('[6]Table 11 CWTs exp'!M13/'[6]Table 11 CWTs exp'!$AA13>0,"-"," ")) | N13: =IF('[6]Table 11 CWTs exp'!N13/'[6]Table 11 CWTs exp'!$AA13>0.0005,'[6]Table 11 CWTs exp'!N13/'[6]Table 11 CWTs exp'!$AA13,IF('[6]Table 11 CWTs exp'!N13/'[6]Table 11 CWTs exp'!$AA13>0,"-"," ")) | ... X13: =IF('[6]Table 11 CWTs exp'!X13/'[6]Table 11 CWTs exp'!$AA13>0.0005,'[6]Table 11 CWTs exp'!X13/'[6]Table 11 CWTs exp'!$AA13,IF('[6]Table 11 CWTs exp'!X13/'[6]Table 11 CWTs exp'!$AA13>0,"-"," ")) | Y13: =SUM(G13:X13) -> 0.99292929 | Z13: =1-Y13 -> 0.0070707071 | AA13: ='[6]Table 11 CWTs exp'!AA13 -> 4950
A14: ='[6]Table 11 CWTs exp'!A14 -> CNFW527 | B14: ='[6]Table 11 CWTs exp'!B14 -> CNFW | C14: ='[6]Table 11 CWTs exp'!C14 -> 52 | D14: ='[6]Table 11 CWTs exp'!D14 -> 7 | E14: ='[6]Table 11 CWTs exp'!E14 -> Coleman Hatchery Fish Trap | F14: Late-fallb/ | G14: =IF('[6]Table 11 CWTs exp'!G14/'[6]Table 11 CWTs exp'!$AA14>0.0005,'[6]Table 11 CWTs exp'!G14/'[6]Table 11 CWTs exp'!$AA14,IF('[6]Table 11 CWTs exp'!G14/'[6]Table 11 CWTs exp'!$AA14>0,"-"," ")) | H14: =IF('[6]Table 11 CWTs exp'!H14/'[6]Table 11 CWTs exp'!$AA14>0.0005,'[6]Table 11 CWTs exp'!H14/'[6]Table 11 CWTs exp'!$AA14,IF('[6]Table 11 CWTs exp'!H14/'[6]Table 11 CWTs exp'!$AA14>0,"-"," ")) -> 0.96860987 | I14: =IF('[6]Table 11 CWTs exp'!I14/'[6]Table 11 CWTs exp'!$AA14>0.0005,'[6]Table 11 CWTs exp'!I14/'[6]Table 11 CWTs exp'!$AA14,IF('[6]Table 11 CWTs exp'!I14/'[6]Table 11 CWTs exp'!$AA14>0,"-"," ")) | J14: =IF('[6]Table 11 CWTs exp'!J14/'[6]Table 11 CWTs exp'!$AA14>0.0005,'[6]Table 11 CWTs exp'!J14/'[6]Table 11 CWTs exp'!$AA14,IF('[6]Table 11 CWTs exp'!J14/'[6]Table 11 CWTs exp'!$AA14>0,"-"," ")) | K14: =IF('[6]Table 11 CWTs exp'!K14/'[6]Table 11 CWTs exp'!$AA14>0.0005,'[6]Table 11 CWTs exp'!K14/'[6]Table 11 CWTs exp'!$AA14,IF('[6]Table 11 CWTs exp'!K14/'[6]Table 11 CWTs exp'!$AA14>0,"-"," ")) | L14: =IF('[6]Table 11 CWTs exp'!L14/'[6]Table 11 CWTs exp'!$AA14>0.0005,'[6]Table 11 CWTs exp'!L14/'[6]Table 11 CWTs exp'!$AA14,IF('[6]Table 11 CWTs exp'!L14/'[6]Table 11 CWTs exp'!$AA14>0,"-"," ")) | M14: =IF('[6]Table 11 CWTs exp'!M14/'[6]Table 11 CWTs exp'!$AA14>0.0005,'[6]Table 11 CWTs exp'!M14/'[6]Table 11 CWTs exp'!$AA14,IF('[6]Table 11 CWTs exp'!M14/'[6]Table 11 CWTs exp'!$AA14>0,"-"," ")) | N14: =IF('[6]Table 11 CWTs exp'!N14/'[6]Table 11 CWTs exp'!$AA14>0.0005,'[6]Table 11 CWTs exp'!N14/'[6]Table 11 CWTs exp'!$AA14,IF('[6]Table 11 CWTs exp'!N14/'[6]Table 11 CWTs exp'!$AA14>0,"-"," ")) | ... X14: =IF('[6]Table 11 CWTs exp'!X14/'[6]Table 11 CWTs exp'!$AA14>0.0005,'[6]Table 11 CWTs exp'!X14/'[6]Table 11 CWTs exp'!$AA14,IF('[6]Table 11 CWTs exp'!X14/'[6]Table 11 CWTs exp'!$AA14>0,"-"," ")) | Y14: =SUM(G14:X14) -> 0.96860987 | Z14: =1-Y14 -> 0.031390135 | AA14: ='[6]Table 11 CWTs exp'!AA14 -> 223
A15: ='[6]Table 11 CWTs exp'!A15 -> 0 | E15: Total Hatchery Fall Run | G15: =IF('[6]Table 11 CWTs exp'!G15/'[6]Table 11 CWTs exp'!$AA15>0.0005,'[6]Table 11 CWTs exp'!G15/'[6]Table 11 CWTs exp'!$AA15,IF('[6]Table 11 CWTs exp'!G15/'[6]Table 11 CWTs exp'!$AA15>0,"-"," ")) | H15: =IF('[6]Table 11 CWTs exp'!H15/'[6]Table 11 CWTs exp'!$AA15>0.0005,'[6]Table 11 CWTs exp'!H15/'[6]Table 11 CWTs exp'!$AA15,IF('[6]Table 11 CWTs exp'!H15/'[6]Table 11 CWTs exp'!$AA15>0,"-"," ")) -> - | I15: =IF('[6]Table 11 CWTs exp'!I15/'[6]Table 11 CWTs exp'!$AA15>0.0005,'[6]Table 11 CWTs exp'!I15/'[6]Table 11 CWTs exp'!$AA15,IF('[6]Table 11 CWTs exp'!I15/'[6]Table 11 CWTs exp'!$AA15>0,"-"," ")) -> 0.52127869 | J15: =IF('[6]Table 11 CWTs exp'!J15/'[6]Table 11 CWTs exp'!$AA15>0.0005,'[6]Table 11 CWTs exp'!J15/'[6]Table 11 CWTs exp'!$AA15,IF('[6]Table 11 CWTs exp'!J15/'[6]Table 11 CWTs exp'!$AA15>0,"-"," ")) -> 0.013809104 | K15: =IF('[6]Table 11 CWTs exp'!K15/'[6]Table 11 CWTs exp'!$AA15>0.0005,'[6]Table 11 CWTs exp'!K15/'[6]Table 11 CWTs exp'!$AA15,IF('[6]Table 11 CWTs exp'!K15/'[6]Table 11 CWTs exp'!$AA15>0,"-"," ")) -> 0.025606342 | L15: =IF('[6]Table 11 CWTs exp'!L15/'[6]Table 11 CWTs exp'!$AA15>0.0005,'[6]Table 11 CWTs exp'!L15/'[6]Table 11 CWTs exp'!$AA15,IF('[6]Table 11 CWTs exp'!L15/'[6]Table 11 CWTs exp'!$AA15>0,"-"," ")) -> 0.0073711336 | M15: =IF('[6]Table 11 CWTs exp'!M15/'[6]Table 11 CWTs exp'!$AA15>0.0005,'[6]Table 11 CWTs exp'!M15/'[6]Table 11 CWTs exp'!$AA15,IF('[6]Table 11 CWTs exp'!M15/'[6]Table 11 CWTs exp'!$AA15>0,"-"," ")) -> 0.00063352368 | N15: =IF('[6]Table 11 CWTs exp'!N15/'[6]Table 11 CWTs exp'!$AA15>0.0005,'[6]Table 11 CWTs exp'!N15/'[6]Table 11 CWTs exp'!$AA15,IF('[6]Table 11 CWTs exp'!N15/'[6]Table 11 CWTs exp'!$AA15>0,"-"," ")) -> 0.20160607 | ... X15: =IF('[6]Table 11 CWTs exp'!X15/'[6]Table 11 CWTs exp'!$AA15>0.0005,'[6]Table 11 CWTs exp'!X15/'[6]Table 11 CWTs exp'!$AA15,IF('[6]Table 11 CWTs exp'!X15/'[6]Table 11 CWTs exp'!$AA15>0,"-"," ")) -> - | Y15: =IF('[6]Table 11 CWTs exp'!Y15>0,'[6]Table 11 CWTs exp'!Y15/'[6]Table 11 CWTs exp'!$AA15," ") -> 0.90178671 | Z15: =IF('[6]Table 11 CWTs exp'!Z15>0,'[6]Table 11 CWTs exp'!Z15/'[6]Table 11 CWTs exp'!$AA15," ") -> 0.098213292 | AA15: ='[6]Table 11 CWTs exp'!AA15 -> 116807
E16: Natural Spawners
A17: ='[6]Table 11 CWTs exp'!A17 -> USAC544 | B17: ='[6]Table 11 CWTs exp'!B17 -> USAC | C17: ='[6]Table 11 CWTs exp'!C17 -> 54 | D17: ='[6]Table 11 CWTs exp'!D17 -> 4 | E17: ='[6]Table 11 CWTs exp'!E17 -> Upper Sacramento River | F17: ='[6]Table 11 CWTs exp'!F17 -> Winter | G17: =IF('[6]Table 11 CWTs exp'!G17/'[6]Table 11 CWTs exp'!$AA17>0.0005,'[6]Table 11 CWTs exp'!G17/'[6]Table 11 CWTs exp'!$AA17,IF('[6]Table 11 CWTs exp'!G17/'[6]Table 11 CWTs exp'!$AA17>0,"-"," ")) -> 0.061993243 | H17: =IF('[6]Table 11 CWTs exp'!H17/'[6]Table 11 CWTs exp'!$AA17>0.0005,'[6]Table 11 CWTs exp'!H17/'[6]Table 11 CWTs exp'!$AA17,IF('[6]Table 11 CWTs exp'!H17/'[6]Table 11 CWTs exp'!$AA17>0,"-"," ")) | I17: =IF('[6]Table 11 CWTs exp'!I17/'[6]Table 11 CWTs exp'!$AA17>0.0005,'[6]Table 11 CWTs exp'!I17/'[6]Table 11 CWTs exp'!$AA17,IF('[6]Table 11 CWTs exp'!I17/'[6]Table 11 CWTs exp'!$AA17>0,"-"," ")) | J17: =IF('[6]Table 11 CWTs exp'!J17/'[6]Table 11 CWTs exp'!$AA17>0.0005,'[6]Table 11 CWTs exp'!J17/'[6]Table 11 CWTs exp'!$AA17,IF('[6]Table 11 CWTs exp'!J17/'[6]Table 11 CWTs exp'!$AA17>0,"-"," ")) | K17: =IF('[6]Table 11 CWTs exp'!K17/'[6]Table 11 CWTs exp'!$AA17>0.0005,'[6]Table 11 CWTs exp'!K17/'[6]Table 11 CWTs exp'!$AA17,IF('[6]Table 11 CWTs exp'!K17/'[6]Table 11 CWTs exp'!$AA17>0,"-"," ")) | L17: =IF('[6]Table 11 CWTs exp'!L17/'[6]Table 11 CWTs exp'!$AA17>0.0005,'[6]Table 11 CWTs exp'!L17/'[6]Table 11 CWTs exp'!$AA17,IF('[6]Table 11 CWTs exp'!L17/'[6]Table 11 CWTs exp'!$AA17>0,"-"," ")) | M17: =IF('[6]Table 11 CWTs exp'!M17/'[6]Table 11 CWTs exp'!$AA17>0.0005,'[6]Table 11 CWTs exp'!M17/'[6]Table 11 CWTs exp'!$AA17,IF('[6]Table 11 CWTs exp'!M17/'[6]Table 11 CWTs exp'!$AA17>0,"-"," ")) | N17: =IF('[6]Table 11 CWTs exp'!N17/'[6]Table 11 CWTs exp'!$AA17>0.0005,'[6]Table 11 CWTs exp'!N17/'[6]Table 11 CWTs exp'!$AA17,IF('[6]Table 11 CWTs exp'!N17/'[6]Table 11 CWTs exp'!$AA17>0,"-"," ")) | ... X17: =IF('[6]Table 11 CWTs exp'!X17/'[6]Table 11 CWTs exp'!$AA17>0.0005,'[6]Table 11 CWTs exp'!X17/'[6]Table 11 CWTs exp'!$AA17,IF('[6]Table 11 CWTs exp'!X17/'[6]Table 11 CWTs exp'!$AA17>0,"-"," ")) | Y17: =SUM(G17:X17) -> 0.061993243 | Z17: =1-Y17 -> 0.93800676 | AA17: ='[6]Table 11 CWTs exp'!AA17 -> 5920
A18: ='[6]Table 11 CWTs exp'!A18 -> BUTT541 | B18: ='[6]Table 11 CWTs exp'!B18 -> BUTT | C18: ='[6]Table 11 CWTs exp'!C18 -> 54 | D18: ='[6]Table 11 CWTs exp'!D18 -> 1 | E18: ='[6]Table 11 CWTs exp'!E18 -> Butte Creek | F18: ='[6]Table 11 CWTs exp'!F18 -> Spring | G18: =IF('[6]Table 11 CWTs exp'!G18/'[6]Table 11 CWTs exp'!$AA18>0.0005,'[6]Table 11 CWTs exp'!G18/'[6]Table 11 CWTs exp'!$AA18,IF('[6]Table 11 CWTs exp'!G18/'[6]Table 11 CWTs exp'!$AA18>0,"-"," ")) | H18: =IF('[6]Table 11 CWTs exp'!H18/'[6]Table 11 CWTs exp'!$AA18>0.0005,'[6]Table 11 CWTs exp'!H18/'[6]Table 11 CWTs exp'!$AA18,IF('[6]Table 11 CWTs exp'!H18/'[6]Table 11 CWTs exp'!$AA18>0,"-"," ")) | I18: =IF('[6]Table 11 CWTs exp'!I18/'[6]Table 11 CWTs exp'!$AA18>0.0005,'[6]Table 11 CWTs exp'!I18/'[6]Table 11 CWTs exp'!$AA18,IF('[6]Table 11 CWTs exp'!I18/'[6]Table 11 CWTs exp'!$AA18>0,"-"," ")) | J18: =IF('[6]Table 11 CWTs exp'!J18/'[6]Table 11 CWTs exp'!$AA18>0.0005,'[6]Table 11 CWTs exp'!J18/'[6]Table 11 CWTs exp'!$AA18,IF('[6]Table 11 CWTs exp'!J18/'[6]Table 11 CWTs exp'!$AA18>0,"-"," ")) | K18: =IF('[6]Table 11 CWTs exp'!K18/'[6]Table 11 CWTs exp'!$AA18>0.0005,'[6]Table 11 CWTs exp'!K18/'[6]Table 11 CWTs exp'!$AA18,IF('[6]Table 11 CWTs exp'!K18/'[6]Table 11 CWTs exp'!$AA18>0,"-"," ")) | L18: =IF('[6]Table 11 CWTs exp'!L18/'[6]Table 11 CWTs exp'!$AA18>0.0005,'[6]Table 11 CWTs exp'!L18/'[6]Table 11 CWTs exp'!$AA18,IF('[6]Table 11 CWTs exp'!L18/'[6]Table 11 CWTs exp'!$AA18>0,"-"," ")) | M18: =IF('[6]Table 11 CWTs exp'!M18/'[6]Table 11 CWTs exp'!$AA18>0.0005,'[6]Table 11 CWTs exp'!M18/'[6]Table 11 CWTs exp'!$AA18,IF('[6]Table 11 CWTs exp'!M18/'[6]Table 11 CWTs exp'!$AA18>0,"-"," ")) | N18: =IF('[6]Table 11 CWTs exp'!N18/'[6]Table 11 CWTs exp'!$AA18>0.0005,'[6]Table 11 CWTs exp'!N18/'[6]Table 11 CWTs exp'!$AA18,IF('[6]Table 11 CWTs exp'!N18/'[6]Table 11 CWTs exp'!$AA18>0,"-"," ")) | ... X18: =IF('[6]Table 11 CWTs exp'!X18/'[6]Table 11 CWTs exp'!$AA18>0.0005,'[6]Table 11 CWTs exp'!X18/'[6]Table 11 CWTs exp'!$AA18,IF('[6]Table 11 CWTs exp'!X18/'[6]Table 11 CWTs exp'!$AA18>0,"-"," ")) | Y18: =SUM(G18:X18) -> 0 | Z18: =1-Y18 -> 1 | AA18: ='[6]Table 11 CWTs exp'!AA18 -> 15887
